-- phpMyAdmin SQL Dump
-- version 5.2.1
-- https://www.phpmyadmin.net/
--
-- Hôte : 127.0.0.1
-- Généré le : sam. 09 nov. 2024 à 15:27
-- Version du serveur : 10.4.32-MariaDB
-- Version de PHP : 8.2.12

SET SQL_MODE = "NO_AUTO_VALUE_ON_ZERO";
START TRANSACTION;
SET time_zone = "+00:00";


/*!40101 SET @OLD_CHARACTER_SET_CLIENT=@@CHARACTER_SET_CLIENT */;
/*!40101 SET @OLD_CHARACTER_SET_RESULTS=@@CHARACTER_SET_RESULTS */;
/*!40101 SET @OLD_COLLATION_CONNECTION=@@COLLATION_CONNECTION */;
/*!40101 SET NAMES utf8mb4 */;

--
-- Base de données : `banque`
--

-- --------------------------------------------------------

--
-- Structure de la table `admin`
--

CREATE TABLE `admin` (
 `loginAdmin` varchar(50) NOT NULL,
 `passwordAdmin` varchar(75) NOT NULL,
 `isProductOwner` tinyint(1) NOT NULL,
 `mail` varchar(255) NOT NULL
) ENGINE=InnoDB DEFAULT CHARSET=utf8 COLLATE=utf8_general_ci;

--
-- Déchargement des données de la table `admin`
--

INSERT INTO `admin` (`loginAdmin`, `passwordAdmin`, `isProductOwner`, `mail`) VALUES
('admin', '8c6976e5b5410415bde908bd4dee15dfb167a9c873fc4bb8a81f6f2ab448a918', 0, 'julien.synaeve@gmail.com'),
('po', '6199aecf23aba7e87b2dafb8b4915260da85e3cf53568197b7e451982392fb8e', 1, 'synaevej@gmail.com');

-- --------------------------------------------------------

--
-- Structure de la table `client`
--

CREATE TABLE `client` (
  `numClient` int(11) NOT NULL,
  `numSiren` char(9) NOT NULL,
  `loginClient` varchar(50) NOT NULL,
  `passwordClient` varchar(150) NOT NULL,
  `raisonSociale` varchar(20) NOT NULL,
  `mail` varchar(200) NOT NULL
) ENGINE=InnoDB DEFAULT CHARSET=utf8 COLLATE=utf8_general_ci;

--
-- Déchargement des données de la table `client`
--

INSERT INTO `client` (`numClient`, `numSiren`, `loginClient`, `passwordClient`, `raisonSociale`, `mail`) VALUES
 (1, '123456789', 'client', '948fe603f61dc036b5c596dc09fe3ce3f3d30dc90f024c85f3c82db2ccab679d', 'Carrefour', 'carrefour.direction@gmail.com'),
 (2, '987654321', 'auchan', '3e23e8160039594a33894f6564e1b1348bbd7a0088d42c4acb73eeaed59c009d', 'Auchan', 'auchan@auchan.fr'),
 (3, '123456789', 'aa', '961b6dd3ede3cb8ecbaacbd68de040cd78eb2ed5889130cceb4c49268ea4d506', 'leclerc', 'auchan.test@auchan.fr'),
 (4, '050505050', 'inter', 'c84c8016356014e02b049ff270c079dd03ab5c5d44a120bee60242782b234ddd', 'Intermarché', 'interdirection@gmail.com'),
 (5, '123456789', 'jsynaeve', '948fe603f61dc036b5c596dc09fe3ce3f3d30dc90f024c85f3c82db2ccab679d', 'Julien Synaeve', 'julien.synaeve@edu.univ-eiffel.fr'),
 (6, '987654321', 'ekirushi', '948fe603f61dc036b5c596dc09fe3ce3f3d30dc90f024c85f3c82db2ccab679d', 'Ekirushikesan', 'ekirushikesan@gmail.com') ,
 (7, '112233445', 'vsantos', '948fe603f61dc036b5c596dc09fe3ce3f3d30dc90f024c85f3c82db2ccab679d', 'Victor Santos', 'victor.santos@edu.univ-eiffel.fr'),
 (8, '998877665', 'achampault', '948fe603f61dc036b5c596dc09fe3ce3f3d30dc90f024c85f3c82db2ccab679d', 'Alexis Champault', 'alexis.champault@edu.univ-eiffel.fr'),
 (9, '556677889', 'atelle', '948fe603f61dc036b5c596dc09fe3ce3f3d30dc90f024c85f3c82db2ccab679d', 'Alexis Telle', 'alexis.telle@edu.univ-eiffel.fr'),
 (25, '894986465', 'test', '9f86d081884c7d659a2feaa0c55ad015a3bf4f1b2b0b822cd15d6c15b0f00a08', 'Test', 'julien.synaeve@gmail.com');

-- --------------------------------------------------------

--
-- Structure de la table `codeimpaye`
--

CREATE TABLE `codeimpaye` (
  `codeImpaye` char(2) NOT NULL,
  `libelleImpaye` varchar(60) NOT NULL
) ENGINE=InnoDB DEFAULT CHARSET=utf8 COLLATE=utf8_general_ci;

--
-- Déchargement des données de la table `codeimpaye`
--

INSERT INTO `codeimpaye` (`codeImpaye`, `libelleImpaye`) VALUES
 ('01', 'Fraude à la carte'),
 ('02', 'Compte à découvert'),
 ('03', 'Compte clôturé'),
 ('04', 'Compte bloqué'),
 ('05', 'Provision insuffisante'),
 ('06', 'Opération contestée par le débiteur'),
 ('07', 'Titulaire décédé'),
 ('08', 'Raison non communiquée, contactez la banque du client');

-- --------------------------------------------------------

--
-- Structure de la table `impaye`
--

CREATE TABLE `impaye` (
  `numTransaction` int(11) NOT NULL,
  `numDossierImpaye` char(5) NOT NULL,
  `codeImpaye` char(2) NOT NULL
) ENGINE=InnoDB DEFAULT CHARSET=utf8 COLLATE=utf8_general_ci;

--
-- Déchargement des données de la table `impaye`
--

INSERT INTO `impaye` (`numTransaction`, `numDossierImpaye`, `codeImpaye`) VALUES
  (1044, '1', '08'),
  (323, '1', '08'),
  (511, '1', '08'),
  (542, '1', '08'),
  (377, '1', '08'),
  (937, '2', '05'),
  (287, '2', '05'),
  (1924, '2', '05'),
  (1203, '2', '05'),
  (2031, '3', '07'),
  (934, '3', '07'),
  (2060, '4', '01'),
  (1818, '4', '01'),
  (1587, '5', '05'),
  (1001, '5', '05'),
  (716, '5', '05'),
  (1222, '5', '05'),
  (2054, '5', '05'),
  (97, '6', '04'),
  (76, '6', '04'),
  (1084, '6', '04'),
  (1111, '7', '01'),
  (589, '7', '01'),
  (2132, '7', '01'),
  (2072, '8', '04'),
  (707, '8', '04'),
  (1248, '8', '04'),
  (1641, '9', '05'),
  (2064, '9', '05'),
  (1781, '10', '02'),
  (280, '10', '02'),
  (1290, '10', '02'),
  (719, '11', '03'),
  (1608, '11', '03'),
  (631, '11', '03'),
  (688, '11', '03'),
  (604, '11', '03'),
  (1872, '12', '05'),
  (871, '12', '05'),
  (1857, '12', '05'),
  (56, '13', '06'),
  (1574, '13', '06'),
  (637, '14', '01'),
  (1494, '14', '01'),
  (2270, '14', '01'),
  (1539, '15', '02'),
  (2141, '15', '02'),
  (208, '16', '02'),
  (118, '16', '02'),
  (2028, '16', '02'),
  (1086, '17', '05'),
  (1264, '17', '05'),
  (2196, '17', '05'),
  (1838, '17', '05'),
  (231, '18', '02'),
  (315, '18', '02'),
  (1143, '18', '02'),
  (87, '18', '02'),
  (2018, '18', '02'),
  (328, '19', '07'),
  (1993, '19', '07'),
  (1260, '20', '08'),
  (617, '20', '08'),
  (1164, '20', '08'),
  (905, '20', '08'),
  (2070, '20', '08'),
  (1087, '21', '06'),
  (1004, '21', '06'),
  (1590, '21', '06'),
  (317, '21', '06'),
  (2142, '21', '06'),
  (141, '22', '03'),
  (2242, '22', '03'),
  (1669, '23', '02'),
  (129, '23', '02'),
  (988, '24', '01'),
  (626, '24', '01'),
  (261, '24', '01'),
  (650, '24', '01'),
  (1512, '24', '01'),
  (2080, '25', '02'),
  (844, '25', '02'),
  (1265, '25', '02'),
  (1497, '25', '02'),
  (989, '25', '02'),
  (759, '26', '05'),
  (230, '26', '05'),
  (78, '26', '05'),
  (882, '26', '05'),
  (613, '26', '05'),
  (1131, '27', '06'),
  (1243, '27', '06'),
  (1768, '27', '06'),
  (810, '27', '06'),
  (2297, '28', '06'),
  (1834, '28', '06'),
  (874, '28', '06'),
  (128, '28', '06'),
  (919, '29', '01'),
  (398, '29', '01'),
  (385, '30', '01'),
  (837, '30', '01'),
  (666, '31', '06'),
  (460, '31', '06'),
  (430, '31', '06'),
  (1057, '32', '07'),
  (1967, '32', '07'),
  (1075, '32', '07'),
  (2126, '32', '07'),
  (1115, '33', '01'),
  (588, '33', '01'),
  (1673, '33', '01'),
  (833, '33', '01'),
  (25, '34', '06'),
  (73, '34', '06'),
  (394, '34', '06'),
  (1127, '34', '06'),
  (2293, '35', '02'),
  (2154, '35', '02'),
  (2273, '35', '02'),
  (1720, '35', '02'),
  (109, '36', '06'),
  (177, '36', '06'),
  (1728, '36', '06'),
  (735, '36', '06'),
  (403, '36', '06'),
  (192, '37', '06'),
  (44, '37', '06'),
  (229, '37', '06'),
  (95, '37', '06'),
  (1609, '38', '07'),
  (2158, '38', '07'),
  (1846, '38', '07'),
  (226, '38', '07'),
  (1003, '39', '06'),
  (872, '39', '06'),
  (2212, '40', '03'),
  (14, '40', '03'),
  (1680, '40', '03'),
  (474, '40', '03'),
  (1163, '41', '06'),
  (1238, '41', '06'),
  (643, '41', '06'),
  (1256, '42', '07'),
  (2167, '42', '07'),
  (2156, '42', '07'),
  (2166, '43', '07'),
  (1509, '43', '07'),
  (1239, '43', '07'),
  (1281, '43', '07'),
  (481, '43', '07'),
  (1306, '44', '06'),
  (926, '44', '06'),
  (2093, '45', '06'),
  (204, '45', '06'),
  (2085, '46', '03'),
  (1907, '46', '03'),
  (421, '46', '03'),
  (181, '47', '07'),
  (206, '47', '07'),
  (28, '48', '05'),
  (1944, '48', '05'),
  (1321, '48', '05'),
  (348, '48', '05'),
  (2253, '49', '02'),
  (440, '49', '02'),
  (1778, '50', '05'),
  (249, '50', '05'),
  (1069, '50', '05'),
  (2147, '50', '05'),
  (308, '51', '06'),
  (1458, '51', '06'),
  (224, '51', '06'),
  (132, '51', '06'),
  (2137, '52', '05'),
  (268, '52', '05'),
  (551, '53', '03'),
  (586, '53', '03'),
  (24, '53', '03'),
  (2062, '53', '03'),
  (1488, '53', '03'),
  (704, '54', '01'),
  (1329, '54', '01'),
  (2119, '55', '04'),
  (1753, '55', '04'),
  (2235, '56', '03'),
  (731, '56', '03'),
  (1288, '56', '03'),
  (497, '56', '03'),
  (1036, '56', '03'),
  (1460, '57', '02'),
  (2164, '57', '02'),
  (2269, '57', '02'),
  (2047, '57', '02'),
  (1291, '57', '02'),
  (1954, '58', '01'),
  (2084, '58', '01'),
  (1750, '58', '01'),
  (1672, '59', '04'),
  (1405, '59', '04'),
  (1178, '59', '04'),
  (289, '59', '04'),
  (1668, '59', '04'),
  (2157, '60', '04'),
  (305, '60', '04'),
  (536, '60', '04'),
  (146, '60', '04'),
  (387, '61', '02'),
  (1346, '61', '02'),
  (702, '62', '08'),
  (445, '62', '08'),
  (2207, '63', '03'),
  (1192, '63', '03'),
  (752, '63', '03'),
  (1343, '63', '03'),
  (902, '64', '05'),
  (2237, '64', '05'),
  (223, '65', '03'),
  (705, '65', '03'),
  (1482, '65', '03'),
  (1536, '66', '07'),
  (470, '66', '07'),
  (1758, '66', '07'),
  (437, '66', '07'),
  (290, '67', '03'),
  (199, '67', '03'),
  (1926, '67', '03'),
  (1431, '67', '03'),
  (560, '67', '03'),
  (2149, '68', '04'),
  (1595, '68', '04'),
  (1302, '68', '04'),
  (2094, '68', '04'),
  (1922, '69', '05'),
  (1605, '69', '05'),
  (1791, '69', '05'),
  (2227, '70', '07'),
  (2289, '70', '07'),
  (1345, '71', '05'),
  (1700, '71', '05'),
  (292, '71', '05'),
  (2217, '72', '07'),
  (1855, '72', '07'),
  (1090, '72', '07'),
  (262, '73', '02'),
  (2177, '73', '02'),
  (1934, '73', '02'),
  (1397, '74', '06'),
  (2108, '74', '06'),
  (873, '74', '06'),
  (2134, '74', '06'),
  (1830, '75', '07'),
  (1599, '75', '07'),
  (1981, '76', '04'),
  (190, '76', '04'),
  (1336, '77', '01'),
  (2012, '77', '01'),
  (2279, '77', '01'),
  (1533, '77', '01'),
  (490, '78', '07'),
  (1033, '78', '07'),
  (1835, '78', '07'),
  (116, '79', '04'),
  (1649, '79', '04'),
  (1663, '79', '04'),
  (1586, '79', '04'),
  (1421, '79', '04'),
  (910, '80', '01'),
  (2268, '80', '01'),
  (1942, '80', '01'),
  (1963, '80', '01'),
  (1169, '81', '08'),
  (202, '81', '08'),
  (498, '82', '01'),
  (1784, '82', '01'),
  (628, '82', '01'),
  (1399, '83', '08'),
  (1120, '83', '08'),
  (345, '83', '08'),
  (264, '83', '08'),
  (67, '84', '05'),
  (1312, '84', '05'),
  (1849, '84', '05'),
  (179, '84', '05'),
  (1122, '85', '04'),
  (148, '85', '04'),
  (1557, '85', '04'),
  (826, '85', '04'),
  (819, '85', '04'),
  (1114, '86', '01'),
  (374, '86', '01'),
  (2221, '86', '01'),
  (1157, '87', '07'),
  (1973, '87', '07'),
  (1939, '87', '07'),
  (2205, '87', '07'),
  (1322, '87', '07'),
  (1900, '88', '06'),
  (515, '88', '06'),
  (855, '88', '06'),
  (738, '89', '05'),
  (1282, '89', '05'),
  (2247, '90', '03'),
  (1327, '90', '03'),
  (714, '90', '03'),
  (1480, '91', '03'),
  (1933, '91', '03'),
  (580, '92', '07'),
  (1825, '92', '07'),
  (2019, '92', '07'),
  (371, '92', '07'),
  (1612, '93', '03'),
  (990, '93', '03'),
  (152, '93', '03'),
  (793, '93', '03'),
  (2255, '93', '03'),
  (1297, '94', '02'),
  (924, '94', '02'),
  (2187, '94', '02'),
  (1175, '95', '04'),
  (2278, '95', '04'),
  (252, '95', '04'),
  (1742, '96', '03'),
  (1816, '96', '03'),
  (625, '97', '01'),
  (2292, '97', '01'),
  (1106, '97', '01'),
  (62, '97', '01'),
  (402, '97', '01'),
  (1453, '98', '02'),
  (1177, '98', '02'),
  (1594, '99', '03'),
  (887, '99', '03'),
  (2228, '100', '03'),
  (1098, '100', '03'),
  (1806, '101', '05'),
  (1602, '101', '05'),
  (1039, '101', '05'),
  (1558, '102', '01'),
  (2143, '102', '01'),
  (845, '103', '04'),
  (883, '103', '04'),
  (2088, '103', '04'),
  (1051, '103', '04'),
  (1588, '104', '02'),
  (530, '104', '02'),
  (592, '104', '02'),
  (1464, '104', '02'),
  (1231, '105', '01'),
  (365, '105', '01'),
  (1492, '105', '01'),
  (725, '105', '01'),
  (1708, '106', '03'),
  (1278, '106', '03'),
  (1126, '107', '08'),
  (1236, '107', '08'),
  (38, '107', '08'),
  (143, '107', '08'),
  (828, '108', '04'),
  (1787, '108', '04'),
  (1891, '108', '04'),
  (467, '108', '04'),
  (783, '109', '01'),
  (665, '109', '01'),
  (2059, '109', '01'),
  (217, '110', '06'),
  (732, '110', '06'),
  (838, '110', '06'),
  (756, '111', '04'),
  (1190, '111', '04'),
  (2192, '111', '04'),
  (1910, '111', '04'),
  (111, '112', '08'),
  (909, '112', '08'),
  (2053, '113', '01'),
  (1000, '113', '01'),
  (46, '113', '01'),
  (1433, '114', '08'),
  (499, '114', '08'),
  (689, '115', '06'),
  (544, '115', '06'),
  (1362, '115', '06'),
  (297, '116', '05'),
  (1271, '116', '05'),
  (1390, '116', '05'),
  (2105, '116', '05'),
  (1050, '116', '05'),
  (1485, '117', '05'),
  (1007, '117', '05'),
  (2295, '118', '04'),
  (2146, '118', '04'),
  (579, '118', '04'),
  (1811, '119', '07'),
  (2023, '119', '07'),
  (770, '119', '07'),
  (250, '119', '07'),
  (2206, '119', '07'),
  (1095, '120', '01'),
  (1339, '120', '01'),
  (2074, '120', '01'),
  (2131, '120', '01'),
  (740, '120', '01'),
  (161, '121', '06'),
  (1080, '121', '06'),
  (1912, '122', '06'),
  (978, '122', '06'),
  (57, '122', '06'),
  (2160, '122', '06'),
  (51, '122', '06'),
  (776, '123', '03'),
  (1537, '123', '03'),
  (1191, '124', '03'),
  (1546, '124', '03'),
  (326, '125', '04'),
  (531, '125', '04'),
  (2098, '126', '06'),
  (1455, '126', '06'),
  (373, '126', '06'),
  (1626, '127', '06'),
  (1755, '127', '06'),
  (778, '127', '06'),
  (779, '128', '08'),
  (1368, '128', '08'),
  (215, '128', '08'),
  (860, '128', '08'),
  (1515, '128', '08'),
  (614, '129', '04'),
  (29, '129', '04'),
  (706, '129', '04'),
  (1245, '129', '04'),
  (1342, '130', '03'),
  (1419, '130', '03'),
  (1179, '130', '03'),
  (949, '131', '03'),
  (755, '131', '03'),
  (1047, '131', '03'),
  (920, '131', '03'),
  (34, '132', '01'),
  (1800, '132', '01'),
  (1254, '132', '01'),
  (1695, '132', '01'),
  (456, '132', '01'),
  (525, '133', '08'),
  (1858, '133', '08'),
  (49, '134', '07'),
  (482, '134', '07'),
  (2148, '134', '07'),
  (43, '134', '07'),
  (1121, '134', '07'),
  (372, '135', '07'),
  (10, '135', '07'),
  (2186, '135', '07'),
  (1894, '135', '07'),
  (1874, '136', '08'),
  (281, '136', '08'),
  (510, '137', '01'),
  (1740, '137', '01'),
  (1945, '138', '07'),
  (1769, '138', '07'),
  (1400, '138', '07'),
  (1576, '138', '07'),
  (1888, '139', '03'),
  (2234, '139', '03'),
  (747, '139', '03'),
  (1655, '139', '03'),
  (862, '139', '03'),
  (1985, '140', '01'),
  (1414, '140', '01'),
  (1467, '140', '01'),
  (652, '140', '01'),
  (1962, '141', '06'),
  (1895, '141', '06'),
  (1980, '141', '06'),
  (2257, '142', '07'),
  (214, '142', '07'),
  (2013, '142', '07'),
  (538, '142', '07'),
  (1096, '142', '07'),
  (522, '143', '07'),
  (1802, '143', '07'),
  (461, '144', '07'),
  (1833, '144', '07'),
  (1060, '145', '04'),
  (1644, '145', '04'),
  (2179, '146', '02'),
  (2285, '146', '02'),
  (674, '146', '02'),
  (1020, '146', '02'),
  (713, '147', '03'),
  (2026, '147', '03'),
  (1183, '147', '03'),
  (1018, '148', '01'),
  (1294, '148', '01'),
  (1176, '149', '05'),
  (550, '149', '05'),
  (1983, '149', '05'),
  (1446, '150', '02'),
  (1788, '150', '02'),
  (1408, '151', '01'),
  (359, '151', '01'),
  (50, '152', '05'),
  (2041, '152', '05'),
  (843, '152', '05'),
  (1915, '152', '05'),
  (1315, '152', '05'),
  (1648, '153', '03'),
  (773, '153', '03'),
  (680, '153', '03'),
  (2130, '153', '03'),
  (1677, '153', '03'),
  (709, '154', '03'),
  (69, '154', '03'),
  (760, '155', '04'),
  (1286, '155', '04'),
  (1108, '155', '04'),
  (903, '155', '04'),
  (291, '156', '08'),
  (710, '156', '08'),
  (1570, '156', '08'),
  (1642, '156', '08'),
  (1704, '157', '07'),
  (2101, '157', '07'),
  (1449, '157', '07'),
  (2001, '157', '07'),
  (422, '157', '07'),
  (1880, '158', '08'),
  (1840, '158', '08'),
  (361, '159', '06'),
  (565, '159', '06'),
  (1699, '159', '06'),
  (1022, '160', '03'),
  (74, '160', '03'),
  (931, '161', '08'),
  (350, '161', '08'),
  (593, '162', '03'),
  (2161, '162', '03'),
  (2089, '163', '05'),
  (1263, '163', '05'),
  (1017, '163', '05'),
  (409, '163', '05'),
  (405, '164', '05'),
  (1225, '164', '05'),
  (1195, '164', '05'),
  (1228, '164', '05'),
  (121, '165', '06'),
  (380, '165', '06'),
  (671, '166', '03'),
  (2181, '166', '03'),
  (1435, '166', '03'),
  (944, '166', '03'),
  (973, '166', '03'),
  (2265, '167', '01'),
  (2079, '167', '01'),
  (2082, '167', '01'),
  (886, '168', '03'),
  (36, '168', '03'),
  (2008, '169', '04'),
  (120, '169', '04'),
  (463, '169', '04'),
  (2011, '169', '04'),
  (153, '170', '07'),
  (1545, '170', '07'),
  (1331, '171', '04'),
  (1380, '171', '04'),
  (1631, '171', '04'),
  (543, '171', '04'),
  (897, '171', '04'),
  (1951, '172', '03'),
  (414, '172', '03'),
  (1219, '173', '01'),
  (2240, '173', '01'),
  (1714, '174', '01'),
  (1561, '174', '01'),
  (987, '174', '01'),
  (1154, '174', '01'),
  (492, '175', '03'),
  (396, '175', '03'),
  (2104, '176', '02'),
  (1801, '176', '02'),
  (1013, '176', '02'),
  (1367, '176', '02'),
  (1890, '176', '02'),
  (455, '177', '08'),
  (899, '177', '08'),
  (2286, '177', '08'),
  (952, '177', '08'),
  (187, '177', '08'),
  (1898, '178', '08'),
  (1693, '178', '08'),
  (597, '179', '06'),
  (1393, '179', '06'),
  (807, '180', '02'),
  (852, '180', '02'),
  (209, '180', '02'),
  (535, '181', '08'),
  (645, '181', '08'),
  (458, '181', '08'),
  (1955, '181', '08'),
  (884, '181', '08'),
  (1875, '182', '03'),
  (729, '182', '03'),
  (1597, '183', '04'),
  (1230, '183', '04'),
  (1285, '183', '04'),
  (548, '183', '04'),
  (1568, '183', '04'),
  (562, '184', '04'),
  (1776, '184', '04'),
  (1529, '185', '02'),
  (364, '185', '02'),
  (258, '185', '02'),
  (1384, '185', '02'),
  (2107, '186', '02'),
  (240, '186', '02'),
  (1064, '186', '02'),
  (570, '187', '08'),
  (395, '187', '08'),
  (473, '187', '08'),
  (1226, '187', '08'),
  (663, '188', '08'),
  (1436, '188', '08'),
  (41, '189', '02'),
  (487, '189', '02'),
  (221, '189', '02'),
  (160, '189', '02'),
  (682, '190', '02'),
  (981, '190', '02'),
  (769, '191', '03'),
  (2135, '191', '03'),
  (577, '191', '03'),
  (649, '191', '03'),
  (953, '192', '04'),
  (39, '192', '04'),
  (472, '192', '04'),
  (130, '192', '04'),
  (567, '192', '04'),
  (745, '193', '01'),
  (1751, '193', '01'),
  (1643, '193', '01'),
  (1870, '194', '04'),
  (113, '194', '04'),
  (780, '194', '04'),
  (1124, '194', '04'),
  (1216, '194', '04'),
  (1352, '195', '03'),
  (955, '195', '03'),
  (651, '196', '08'),
  (877, '196', '08'),
  (1799, '196', '08'),
  (298, '196', '08'),
  (1562, '196', '08'),
  (1959, '197', '02'),
  (234, '197', '02'),
  (1135, '197', '02'),
  (728, '198', '04'),
  (324, '198', '04'),
  (1129, '198', '04'),
  (635, '198', '04'),
  (236, '198', '04'),
  (1790, '199', '01'),
  (1652, '199', '01'),
  (18, '199', '01'),
  (2077, '199', '01'),
  (84, '200', '02'),
  (1567, '200', '02'),
  (2043, '201', '04'),
  (166, '201', '04'),
  (1986, '202', '08'),
  (817, '202', '08'),
  (867, '202', '08'),
  (431, '202', '08'),
  (2276, '203', '07'),
  (1978, '203', '07'),
  (777, '203', '07'),
  (846, '204', '01'),
  (1560, '204', '01'),
  (94, '204', '01'),
  (101, '204', '01'),
  (279, '205', '05'),
  (2171, '205', '05'),
  (1318, '205', '05'),
  (929, '205', '05'),
  (390, '205', '05'),
  (2100, '206', '06'),
  (2021, '206', '06'),
  (325, '206', '06'),
  (1542, '206', '06'),
  (246, '207', '05'),
  (52, '207', '05'),
  (998, '208', '05'),
  (1193, '208', '05'),
  (1991, '208', '05'),
  (1543, '208', '05'),
  (879, '209', '05'),
  (1402, '209', '05'),
  (1308, '209', '05'),
  (66, '210', '03'),
  (351, '210', '03'),
  (564, '211', '08'),
  (1943, '211', '08'),
  (670, '211', '08'),
  (1, '211', '08'),
  (1585, '212', '06'),
  (2294, '212', '06'),
  (1439, '212', '06'),
  (1935, '212', '06'),
  (841, '213', '05'),
  (314, '213', '05'),
  (763, '213', '05'),
  (2220, '213', '05'),
  (401, '214', '03'),
  (1232, '214', '03'),
  (341, '214', '03'),
  (99, '215', '03'),
  (1364, '215', '03'),
  (602, '215', '03'),
  (259, '215', '03'),
  (40, '215', '03'),
  (1896, '216', '02'),
  (1361, '216', '02'),
  (971, '216', '02'),
  (251, '216', '02'),
  (519, '216', '02'),
  (1220, '217', '07'),
  (1823, '217', '07'),
  (1614, '217', '07'),
  (175, '218', '07'),
  (1413, '218', '07'),
  (1423, '218', '07'),
  (454, '218', '07'),
  (311, '218', '07'),
  (1428, '219', '03'),
  (698, '219', '03'),
  (68, '219', '03'),
  (1990, '220', '03'),
  (914, '220', '03'),
  (397, '220', '03'),
  (513, '221', '06'),
  (238, '221', '06'),
  (1783, '221', '06'),
  (1102, '221', '06'),
  (124, '222', '05'),
  (2002, '222', '05'),
  (416, '222', '05'),
  (1144, '222', '05'),
  (1377, '223', '05'),
  (1332, '223', '05'),
  (267, '224', '06'),
  (494, '224', '06'),
  (1404, '224', '06'),
  (54, '225', '07'),
  (2199, '225', '07'),
  (2223, '225', '07'),
  (1134, '225', '07'),
  (1303, '225', '07'),
  (459, '226', '03'),
  (711, '226', '03'),
  (126, '226', '03'),
  (389, '227', '05'),
  (1171, '227', '05'),
  (1999, '228', '07'),
  (906, '228', '07'),
  (576, '229', '02'),
  (1188, '229', '02'),
  (233, '229', '02'),
  (2190, '229', '02'),
  (1772, '229', '02'),
  (156, '230', '03'),
  (2185, '230', '03'),
  (2007, '231', '01'),
  (1463, '231', '01'),
  (1810, '231', '01'),
  (1909, '231', '01'),
  (189, '232', '03'),
  (2246, '232', '03'),
  (1621, '233', '01'),
  (1442, '233', '01'),
  (302, '233', '01'),
  (520, '234', '04'),
  (1481, '234', '04'),
  (1200, '234', '04'),
  (55, '234', '04'),
  (1596, '235', '04'),
  (16, '235', '04'),
  (2015, '235', '04'),
  (1861, '235', '04'),
  (318, '236', '04'),
  (123, '236', '04'),
  (1447, '236', '04'),
  (1101, '237', '02'),
  (8, '237', '02'),
  (423, '237', '02'),
  (555, '238', '01'),
  (2244, '238', '01'),
  (2176, '238', '01'),
  (1645, '238', '01'),
  (1902, '239', '06'),
  (1262, '239', '06'),
  (2121, '239', '06'),
  (815, '239', '06'),
  (1808, '240', '02'),
  (242, '240', '02'),
  (925, '240', '02'),
  (1916, '241', '03'),
  (1344, '241', '03'),
  (1382, '241', '03'),
  (1555, '242', '05'),
  (1550, '242', '05'),
  (131, '243', '03'),
  (1011, '243', '03'),
  (1615, '244', '04'),
  (566, '244', '04'),
  (1528, '244', '04'),
  (1887, '244', '04'),
  (1250, '244', '04'),
  (309, '245', '03'),
  (1217, '245', '03'),
  (736, '246', '01'),
  (881, '246', '01'),
  (355, '247', '07'),
  (829, '247', '07'),
  (1785, '248', '06'),
  (751, '248', '06'),
  (1158, '248', '06'),
  (283, '248', '06'),
  (1030, '248', '06'),
  (1046, '249', '02'),
  (2258, '249', '02'),
  (1277, '249', '02'),
  (512, '250', '05'),
  (466, '250', '05'),
  (13, '250', '05'),
  (429, '250', '05'),
  (26, '250', '05');

-- --------------------------------------------------------

--
-- Structure de la table `mdptemp`
--

CREATE TABLE `mdptemp` (
   `numClient` int(11) NOT NULL,
   `mail` varchar(200) NOT NULL,
   `pw` varchar(150) NOT NULL
) ENGINE=InnoDB DEFAULT CHARSET=utf8mb4 COLLATE=utf8mb4_general_ci;

-- --------------------------------------------------------

--
-- Structure de la table `remise`
--

CREATE TABLE `remise` (
  `numRemise` int(11) NOT NULL,
  `nbrTransaction` int(11) NOT NULL,
  `montantTotal` int(11) NOT NULL,
  `devise` char(3) NOT NULL,
  `dateRemise` timestamp NOT NULL DEFAULT current_timestamp() ON UPDATE current_timestamp(),
  `numClient` int(11) NOT NULL
) ENGINE=InnoDB DEFAULT CHARSET=utf8 COLLATE=utf8_general_ci;

--
-- Déchargement des données de la table `remise`
--

INSERT INTO `remise` (`numRemise`, `nbrTransaction`, `montantTotal`, `devise`, `dateRemise`, `numClient`) VALUES
  (1, 4, -96, 'EUR', '2024-10-18', 4),
  (2, 4, -128, 'EUR', '2024-05-22', 6),
  (3, 2, 285, 'EUR', '2024-06-07', 9),
  (4, 2, 49, 'EUR', '2023-12-29', 5),
  (5, 1, -197, 'EUR', '2024-05-28', 6),
  (6, 1, 77, 'EUR', '2023-12-05', 1),
  (7, 3, 829, 'EUR', '2024-01-20', 4),
  (8, 2, 123, 'EUR', '2024-04-14', 9),
  (9, 5, 833, 'EUR', '2024-08-24', 3),
  (10, 4, 602, 'EUR', '2024-10-02', 4),
  (11, 4, 573, 'EUR', '2024-02-01', 2),
  (12, 3, 373, 'EUR', '2024-03-16', 9),
  (13, 2, 646, 'EUR', '2024-07-31', 4),
  (14, 3, -38, 'EUR', '2023-11-19', 2),
  (15, 2, 56, 'EUR', '2023-12-02', 4),
  (16, 2, 806, 'EUR', '2024-10-18', 9),
  (17, 4, 785, 'EUR', '2024-01-07', 8),
  (18, 5, -140, 'EUR', '2024-07-24', 5),
  (19, 2, 150, 'EUR', '2023-12-22', 8),
  (20, 3, 274, 'EUR', '2024-04-03', 8),
  (21, 1, 659, 'EUR', '2024-03-05', 3),
  (22, 1, 933, 'EUR', '2024-09-13', 9),
  (23, 2, 867, 'EUR', '2024-10-28', 9),
  (24, 3, 499, 'EUR', '2024-09-12', 3),
  (25, 2, 943, 'EUR', '2024-06-30', 5),
  (26, 4, 346, 'EUR', '2024-07-14', 7),
  (27, 1, 374, 'EUR', '2023-11-17', 8),
  (28, 2, 678, 'EUR', '2024-10-19', 6),
  (29, 5, 16, 'EUR', '2024-10-22', 5),
  (30, 3, 133, 'EUR', '2024-07-11', 4),
  (31, 3, 389, 'EUR', '2024-01-04', 2),
  (32, 4, 121, 'EUR', '2023-11-27', 4),
  (33, 5, 597, 'EUR', '2024-01-17', 4),
  (34, 1, 622, 'EUR', '2024-02-16', 7),
  (35, 5, 456, 'EUR', '2024-03-18', 2),
  (36, 1, 264, 'EUR', '2024-01-13', 5),
  (37, 1, 707, 'EUR', '2024-09-22', 1),
  (38, 3, 83, 'EUR', '2024-10-10', 6),
  (39, 2, 757, 'EUR', '2024-01-03', 6),
  (40, 5, 296, 'EUR', '2024-03-20', 8),
  (41, 1, 297, 'EUR', '2024-03-05', 8),
  (42, 5, 969, 'EUR', '2024-01-09', 6),
  (43, 4, 546, 'EUR', '2024-08-23', 7),
  (44, 4, 738, 'EUR', '2024-06-19', 7),
  (45, 4, 524, 'EUR', '2024-05-18', 3),
  (46, 3, 516, 'EUR', '2023-12-03', 5),
  (47, 5, 420, 'EUR', '2024-06-29', 4),
  (48, 1, 819, 'EUR', '2024-07-14', 2),
  (49, 3, 62, 'EUR', '2024-04-08', 9),
  (50, 3, 992, 'EUR', '2024-02-12', 8),
  (51, 3, 531, 'EUR', '2024-06-04', 4),
  (52, 2, 823, 'EUR', '2024-08-10', 4),
  (53, 3, 836, 'EUR', '2024-10-14', 7),
  (54, 3, 607, 'EUR', '2024-08-16', 4),
  (55, 2, 692, 'EUR', '2024-02-06', 2),
  (56, 4, 17, 'EUR', '2024-02-25', 2),
  (57, 2, 317, 'EUR', '2024-02-10', 5),
  (58, 4, 711, 'EUR', '2024-09-16', 1),
  (59, 2, 815, 'EUR', '2024-05-04', 7),
  (60, 4, 642, 'EUR', '2024-02-12', 6),
  (61, 2, 53, 'EUR', '2024-10-29', 7),
  (62, 1, 674, 'EUR', '2024-07-10', 4),
  (63, 2, 796, 'EUR', '2024-06-12', 5),
  (64, 2, 671, 'EUR', '2024-10-01', 7),
  (65, 4, 562, 'EUR', '2024-02-03', 7),
  (66, 3, 270, 'EUR', '2024-04-12', 1),
  (67, 3, 794, 'EUR', '2023-12-19', 5),
  (68, 1, 7, 'EUR', '2024-04-08', 5),
  (69, 1, 24, 'EUR', '2024-01-08', 3),
  (70, 3, 335, 'EUR', '2024-02-21', 1),
  (71, 2, 321, 'EUR', '2024-03-21', 1),
  (72, 5, 640, 'EUR', '2024-11-02', 1),
  (73, 1, 218, 'EUR', '2024-09-10', 7),
  (74, 1, 162, 'EUR', '2024-07-22', 9),
  (75, 5, 646, 'EUR', '2024-09-15', 7),
  (76, 1, 3, 'EUR', '2023-12-01', 8),
  (77, 5, -193, 'EUR', '2024-08-05', 5),
  (78, 3, 431, 'EUR', '2024-02-11', 4),
  (79, 4, 223, 'EUR', '2024-06-29', 4),
  (80, 4, 323, 'EUR', '2024-07-13', 9),
  (81, 4, 715, 'EUR', '2024-10-16', 6),
  (82, 1, 95, 'EUR', '2024-07-18', 9),
  (83, 2, 632, 'EUR', '2024-01-29', 3),
  (84, 4, 306, 'EUR', '2023-12-21', 4),
  (85, 4, -31, 'EUR', '2024-08-30', 5),
  (86, 3, 942, 'EUR', '2024-11-16', 5),
  (87, 1, -108, 'EUR', '2024-06-09', 1),
  (88, 2, 882, 'EUR', '2023-11-28', 2),
  (89, 2, 40, 'EUR', '2024-10-21', 8),
  (90, 4, 5, 'EUR', '2024-04-09', 7),
  (91, 2, 606, 'EUR', '2024-08-16', 1),
  (92, 2, 353, 'EUR', '2024-09-20', 2),
  (93, 4, 281, 'EUR', '2024-02-17', 4),
  (94, 3, 881, 'EUR', '2024-01-29', 1),
  (95, 4, 402, 'EUR', '2024-03-18', 2),
  (96, 1, 105, 'EUR', '2024-09-06', 5),
  (97, 3, 300, 'EUR', '2024-10-28', 9),
  (98, 4, 866, 'EUR', '2023-11-18', 2),
  (99, 1, 162, 'EUR', '2024-05-18', 4),
  (100, 4, -41, 'EUR', '2024-07-21', 5),
  (101, 2, 12, 'EUR', '2024-02-27', 4),
  (102, 3, 650, 'EUR', '2024-03-15', 4),
  (103, 1, -131, 'EUR', '2024-03-01', 9),
  (104, 1, 195, 'EUR', '2024-03-08', 9),
  (105, 3, 178, 'EUR', '2024-06-13', 3),
  (106, 5, 439, 'EUR', '2024-08-18', 8),
  (107, 5, 162, 'EUR', '2024-10-04', 6),
  (108, 4, 535, 'EUR', '2024-02-18', 8),
  (109, 5, 327, 'EUR', '2024-02-06', 9),
  (110, 5, 535, 'EUR', '2024-01-22', 7),
  (111, 2, -92, 'EUR', '2024-06-06', 4),
  (112, 3, 868, 'EUR', '2024-10-19', 8),
  (113, 5, 116, 'EUR', '2024-07-10', 5),
  (114, 4, -130, 'EUR', '2024-06-15', 2),
  (115, 4, 859, 'EUR', '2024-02-03', 2),
  (116, 3, 299, 'EUR', '2024-05-22', 6),
  (117, 4, -36, 'EUR', '2024-01-23', 7),
  (118, 3, 455, 'EUR', '2024-08-28', 5),
  (119, 1, 767, 'EUR', '2024-02-25', 3),
  (120, 2, 487, 'EUR', '2024-08-29', 8),
  (121, 3, 510, 'EUR', '2024-05-24', 2),
  (122, 3, 789, 'EUR', '2024-04-19', 9),
  (123, 4, 913, 'EUR', '2024-01-11', 9),
  (124, 3, 342, 'EUR', '2024-07-05', 8),
  (125, 1, 117, 'EUR', '2024-10-18', 8),
  (126, 1, 524, 'EUR', '2024-05-21', 4),
  (127, 1, 506, 'EUR', '2024-07-21', 5),
  (128, 5, 404, 'EUR', '2024-04-28', 2),
  (129, 1, 377, 'EUR', '2024-02-27', 3),
  (130, 1, 638, 'EUR', '2024-09-04', 6),
  (131, 1, 909, 'EUR', '2023-11-22', 5),
  (132, 2, -64, 'EUR', '2024-02-02', 6),
  (133, 1, 587, 'EUR', '2024-07-08', 7),
  (134, 5, -38, 'EUR', '2024-04-19', 3),
  (135, 4, 909, 'EUR', '2024-07-23', 4),
  (136, 1, -68, 'EUR', '2024-06-14', 2),
  (137, 2, 362, 'EUR', '2024-10-02', 9),
  (138, 1, -125, 'EUR', '2024-05-30', 6),
  (139, 4, 227, 'EUR', '2024-02-28', 9),
  (140, 3, 973, 'EUR', '2024-03-30', 5),
  (141, 1, 135, 'EUR', '2024-04-13', 7),
  (142, 2, 682, 'EUR', '2024-10-09', 5),
  (143, 1, 775, 'EUR', '2024-08-21', 5),
  (144, 5, 220, 'EUR', '2024-04-05', 8),
  (145, 5, 646, 'EUR', '2024-02-12', 1),
  (146, 2, 803, 'EUR', '2024-01-28', 6),
  (147, 3, -142, 'EUR', '2024-09-03', 1),
  (148, 1, 678, 'EUR', '2024-08-19', 1),
  (149, 5, 794, 'EUR', '2024-04-26', 7),
  (150, 1, 889, 'EUR', '2023-11-24', 5),
  (151, 1, 807, 'EUR', '2024-01-05', 8),
  (152, 2, 494, 'EUR', '2023-12-22', 5),
  (153, 4, 155, 'EUR', '2024-03-02', 6),
  (154, 1, 441, 'EUR', '2024-08-06', 7),
  (155, 3, 622, 'EUR', '2024-07-09', 9),
  (156, 5, 336, 'EUR', '2024-03-28', 8),
  (157, 5, 385, 'EUR', '2024-05-26', 4),
  (158, 1, 660, 'EUR', '2024-11-13', 1),
  (159, 3, 54, 'EUR', '2024-08-04', 3),
  (160, 2, 975, 'EUR', '2024-09-02', 3),
  (161, 4, 350, 'EUR', '2024-08-11', 9),
  (162, 4, 569, 'EUR', '2024-10-04', 4),
  (163, 2, 494, 'EUR', '2024-01-08', 8),
  (164, 3, 893, 'EUR', '2024-09-01', 3),
  (165, 3, 559, 'EUR', '2024-04-27', 1),
  (166, 5, 193, 'EUR', '2024-11-07', 3),
  (167, 3, 372, 'EUR', '2024-05-01', 3),
  (168, 3, 910, 'EUR', '2023-12-19', 5),
  (169, 2, 26, 'EUR', '2024-05-16', 2),
  (170, 4, 937, 'EUR', '2024-02-20', 3),
  (171, 2, 330, 'EUR', '2024-07-28', 3),
  (172, 3, 52, 'EUR', '2024-08-21', 8),
  (173, 1, 518, 'EUR', '2024-01-11', 1),
  (174, 2, 340, 'EUR', '2024-06-24', 6),
  (175, 3, 765, 'EUR', '2023-12-04', 6),
  (176, 1, 709, 'EUR', '2024-05-25', 2),
  (177, 4, 766, 'EUR', '2024-06-06', 2),
  (178, 3, 447, 'EUR', '2024-10-31', 7),
  (179, 5, 84, 'EUR', '2024-03-24', 2),
  (180, 1, 839, 'EUR', '2024-05-02', 2),
  (181, 3, 620, 'EUR', '2024-08-31', 5),
  (182, 3, 194, 'EUR', '2024-05-10', 2),
  (183, 1, -123, 'EUR', '2024-05-14', 2),
  (184, 4, 79, 'EUR', '2024-09-05', 9),
  (185, 3, 574, 'EUR', '2024-09-28', 6),
  (186, 1, 155, 'EUR', '2024-08-09', 2),
  (187, 5, 722, 'EUR', '2024-04-09', 3),
  (188, 5, -89, 'EUR', '2023-11-21', 7),
  (189, 5, 90, 'EUR', '2024-02-15', 2),
  (190, 5, 291, 'EUR', '2023-12-16', 8),
  (191, 5, 876, 'EUR', '2024-10-20', 7),
  (192, 5, -25, 'EUR', '2024-05-29', 6),
  (193, 2, 888, 'EUR', '2024-07-04', 5),
  (194, 1, 916, 'EUR', '2024-02-12', 7),
  (195, 1, 253, 'EUR', '2024-03-26', 4),
  (196, 2, 279, 'EUR', '2024-09-18', 9),
  (197, 3, -104, 'EUR', '2024-06-19', 4),
  (198, 3, 702, 'EUR', '2024-11-11', 8),
  (199, 5, 549, 'EUR', '2024-02-01', 4),
  (200, 5, 222, 'EUR', '2024-08-07', 4),
  (201, 1, -145, 'EUR', '2023-11-28', 9),
  (202, 2, 324, 'EUR', '2024-07-23', 1),
  (203, 4, 625, 'EUR', '2024-02-19', 9),
  (204, 5, 186, 'EUR', '2024-09-27', 8),
  (205, 5, 506, 'EUR', '2024-03-01', 2),
  (206, 2, 811, 'EUR', '2024-10-25', 2),
  (207, 5, 275, 'EUR', '2024-10-21', 7),
  (208, 1, 43, 'EUR', '2024-01-18', 7),
  (209, 1, 949, 'EUR', '2024-10-22', 7),
  (210, 5, 448, 'EUR', '2024-09-22', 7),
  (211, 4, 82, 'EUR', '2024-09-20', 5),
  (212, 3, 293, 'EUR', '2024-04-22', 2),
  (213, 1, 230, 'EUR', '2024-01-29', 9),
  (214, 4, 59, 'EUR', '2024-10-04', 8),
  (215, 4, 163, 'EUR', '2024-10-25', 3),
  (216, 3, -185, 'EUR', '2024-11-10', 9),
  (217, 5, -181, 'EUR', '2024-04-03', 4),
  (218, 4, 666, 'EUR', '2024-08-07', 6),
  (219, 3, 15, 'EUR', '2024-01-02', 6),
  (220, 3, 448, 'EUR', '2024-07-08', 4),
  (221, 4, 897, 'EUR', '2024-04-17', 1),
  (222, 1, -124, 'EUR', '2024-06-28', 2),
  (223, 3, 66, 'EUR', '2024-09-21', 8),
  (224, 1, -71, 'EUR', '2024-09-18', 4),
  (225, 2, 247, 'EUR', '2024-06-01', 3),
  (226, 1, 897, 'EUR', '2024-01-28', 3),
  (227, 3, -141, 'EUR', '2023-12-28', 5),
  (228, 2, 978, 'EUR', '2024-07-07', 6),
  (229, 1, 976, 'EUR', '2024-11-13', 8),
  (230, 1, 281, 'EUR', '2023-11-25', 3),
  (231, 2, -182, 'EUR', '2024-03-10', 9),
  (232, 2, 453, 'EUR', '2024-04-03', 1),
  (233, 4, 453, 'EUR', '2024-01-11', 1),
  (234, 1, 954, 'EUR', '2024-11-15', 5),
  (235, 5, 823, 'EUR', '2023-12-29', 3),
  (236, 2, -143, 'EUR', '2024-06-22', 4),
  (237, 5, 329, 'EUR', '2024-07-13', 5),
  (238, 2, 955, 'EUR', '2024-01-07', 9),
  (239, 5, 520, 'EUR', '2024-04-23', 7),
  (240, 5, -8, 'EUR', '2024-03-30', 4),
  (241, 4, 479, 'EUR', '2024-05-16', 1),
  (242, 2, 785, 'EUR', '2024-09-20', 5),
  (243, 5, 462, 'EUR', '2024-08-04', 2),
  (244, 1, 597, 'EUR', '2024-01-05', 7),
  (245, 4, -79, 'EUR', '2024-06-09', 1),
  (246, 2, -33, 'EUR', '2024-08-05', 9),
  (247, 3, 417, 'EUR', '2024-01-05', 5),
  (248, 3, 232, 'EUR', '2024-10-17', 5),
  (249, 4, 290, 'EUR', '2024-07-29', 5),
  (250, 2, 790, 'EUR', '2024-04-22', 3),
  (251, 1, 70, 'EUR', '2024-03-21', 2),
  (252, 2, 765, 'EUR', '2024-01-08', 7),
  (253, 2, 948, 'EUR', '2024-01-04', 7),
  (254, 2, 469, 'EUR', '2024-05-28', 4),
  (255, 4, 397, 'EUR', '2024-11-14', 6),
  (256, 4, 755, 'EUR', '2023-11-20', 4),
  (257, 1, 289, 'EUR', '2024-10-11', 7),
  (258, 4, 839, 'EUR', '2024-02-21', 7),
  (259, 5, -164, 'EUR', '2024-09-12', 2),
  (260, 5, 593, 'EUR', '2024-09-20', 3),
  (261, 5, 733, 'EUR', '2023-12-14', 5),
  (262, 4, 711, 'EUR', '2023-12-09', 5),
  (263, 4, 276, 'EUR', '2024-04-05', 1),
  (264, 3, -4, 'EUR', '2024-06-16', 9),
  (265, 1, 110, 'EUR', '2024-03-06', 9),
  (266, 1, 776, 'EUR', '2024-06-23', 8),
  (267, 5, 791, 'EUR', '2024-07-23', 6),
  (268, 3, 637, 'EUR', '2024-09-12', 5),
  (269, 1, 599, 'EUR', '2024-07-17', 6),
  (270, 1, 654, 'EUR', '2024-09-08', 3),
  (271, 3, 497, 'EUR', '2023-12-13', 5),
  (272, 1, 498, 'EUR', '2024-04-18', 1),
  (273, 2, 331, 'EUR', '2024-09-24', 3),
  (274, 3, 463, 'EUR', '2024-01-20', 3),
  (275, 5, 478, 'EUR', '2024-11-13', 6),
  (276, 4, -117, 'EUR', '2023-12-09', 1),
  (277, 3, -86, 'EUR', '2024-10-29', 2),
  (278, 2, 646, 'EUR', '2024-09-20', 6),
  (279, 4, 9, 'EUR', '2024-10-08', 2),
  (280, 5, 184, 'EUR', '2024-03-17', 3),
  (281, 1, 981, 'EUR', '2023-12-14', 5),
  (282, 3, 532, 'EUR', '2024-08-21', 7),
  (283, 3, -93, 'EUR', '2024-03-21', 8),
  (284, 5, 649, 'EUR', '2024-03-14', 9),
  (285, 1, 326, 'EUR', '2024-06-22', 3),
  (286, 4, 778, 'EUR', '2024-09-18', 4),
  (287, 1, 237, 'EUR', '2024-07-01', 6),
  (288, 5, 168, 'EUR', '2024-02-26', 1),
  (289, 4, -172, 'EUR', '2024-10-11', 6),
  (290, 5, 38, 'EUR', '2024-03-11', 9),
  (291, 3, 574, 'EUR', '2024-11-07', 9),
  (292, 5, -51, 'EUR', '2024-10-01', 7),
  (293, 1, -106, 'EUR', '2024-10-09', 5),
  (294, 3, 538, 'EUR', '2024-10-23', 6),
  (295, 3, 413, 'EUR', '2024-08-23', 6),
  (296, 2, 737, 'EUR', '2023-12-24', 8),
  (297, 3, 959, 'EUR', '2023-12-25', 3),
  (298, 5, 402, 'EUR', '2023-12-15', 2),
  (299, 2, 957, 'EUR', '2024-08-13', 3),
  (300, 3, 965, 'EUR', '2024-11-15', 8),
  (301, 1, 344, 'EUR', '2024-05-28', 4),
  (302, 4, 407, 'EUR', '2024-02-22', 8),
  (303, 1, 871, 'EUR', '2024-05-03', 4),
  (304, 5, 559, 'EUR', '2024-08-04', 7),
  (305, 2, -150, 'EUR', '2023-11-24', 5),
  (306, 1, -166, 'EUR', '2024-01-09', 9),
  (307, 5, 465, 'EUR', '2024-09-09', 8),
  (308, 2, 733, 'EUR', '2024-10-05', 9),
  (309, 1, 957, 'EUR', '2024-10-02', 7),
  (310, 3, 734, 'EUR', '2024-09-07', 7),
  (311, 4, 643, 'EUR', '2024-04-16', 6),
  (312, 2, 418, 'EUR', '2024-06-10', 5),
  (313, 4, 491, 'EUR', '2024-10-17', 8),
  (314, 5, 412, 'EUR', '2023-12-05', 6),
  (315, 4, -200, 'EUR', '2024-08-24', 6),
  (316, 4, 694, 'EUR', '2024-08-26', 6),
  (317, 5, 723, 'EUR', '2024-06-15', 9),
  (318, 4, 740, 'EUR', '2024-06-03', 7),
  (319, 3, 313, 'EUR', '2023-11-29', 9),
  (320, 3, 640, 'EUR', '2024-02-24', 9),
  (321, 2, 954, 'EUR', '2024-04-29', 4),
  (322, 1, 551, 'EUR', '2024-04-28', 2),
  (323, 4, -100, 'EUR', '2023-12-18', 1),
  (324, 1, 994, 'EUR', '2024-06-28', 3),
  (325, 5, 859, 'EUR', '2024-06-07', 9),
  (326, 3, 295, 'EUR', '2023-12-17', 4),
  (327, 1, 792, 'EUR', '2024-10-27', 6),
  (328, 4, -52, 'EUR', '2024-05-26', 8),
  (329, 3, 29, 'EUR', '2024-03-25', 1),
  (330, 4, 311, 'EUR', '2024-02-16', 9),
  (331, 4, 347, 'EUR', '2024-11-14', 9),
  (332, 1, 219, 'EUR', '2024-08-21', 7),
  (333, 4, 406, 'EUR', '2024-02-03', 5),
  (334, 1, 237, 'EUR', '2024-03-29', 6),
  (335, 1, -17, 'EUR', '2023-11-28', 3),
  (336, 4, 548, 'EUR', '2024-08-14', 3),
  (337, 2, 395, 'EUR', '2024-09-24', 9),
  (338, 5, 849, 'EUR', '2024-08-18', 8),
  (339, 3, 923, 'EUR', '2024-03-22', 7),
  (340, 3, 683, 'EUR', '2024-01-12', 2),
  (341, 1, -67, 'EUR', '2024-04-23', 1),
  (342, 5, 506, 'EUR', '2024-02-06', 7),
  (343, 5, 941, 'EUR', '2024-01-24', 6),
  (344, 3, 145, 'EUR', '2024-03-07', 9),
  (345, 3, -185, 'EUR', '2024-02-15', 1),
  (346, 1, 432, 'EUR', '2024-06-26', 6),
  (347, 4, 13, 'EUR', '2024-09-27', 2),
  (348, 5, 231, 'EUR', '2024-11-02', 7),
  (349, 1, 260, 'EUR', '2023-12-29', 1),
  (350, 3, 708, 'EUR', '2024-03-30', 6),
  (351, 3, 219, 'EUR', '2024-05-10', 4),
  (352, 3, 931, 'EUR', '2024-01-07', 6),
  (353, 1, -47, 'EUR', '2024-04-25', 5),
  (354, 5, 452, 'EUR', '2024-02-10', 3),
  (355, 4, -177, 'EUR', '2024-10-24', 2),
  (356, 5, 450, 'EUR', '2024-11-03', 6),
  (357, 5, 773, 'EUR', '2024-09-28', 9),
  (358, 3, 845, 'EUR', '2024-02-25', 4),
  (359, 2, 119, 'EUR', '2024-03-03', 4),
  (360, 1, 49, 'EUR', '2024-03-10', 8),
  (361, 2, 19, 'EUR', '2024-07-30', 7),
  (362, 5, -118, 'EUR', '2024-08-02', 9),
  (363, 2, 232, 'EUR', '2024-09-02', 6),
  (364, 2, -186, 'EUR', '2024-05-19', 8),
  (365, 2, 963, 'EUR', '2024-01-16', 4),
  (366, 1, 812, 'EUR', '2024-03-11', 7),
  (367, 2, 264, 'EUR', '2024-01-01', 2),
  (368, 4, 609, 'EUR', '2024-03-21', 8),
  (369, 5, 657, 'EUR', '2024-06-15', 3),
  (370, 4, 391, 'EUR', '2024-02-06', 8),
  (371, 5, 923, 'EUR', '2024-07-20', 5),
  (372, 5, -7, 'EUR', '2024-02-05', 8),
  (373, 3, -180, 'EUR', '2024-11-10', 6),
  (374, 1, 194, 'EUR', '2024-05-03', 4),
  (375, 1, 187, 'EUR', '2024-06-16', 1),
  (376, 1, 901, 'EUR', '2023-12-27', 6),
  (377, 5, 47, 'EUR', '2023-12-12', 4),
  (378, 3, 160, 'EUR', '2024-10-24', 1),
  (379, 5, 95, 'EUR', '2024-07-06', 2),
  (380, 4, -138, 'EUR', '2024-02-05', 7),
  (381, 5, 577, 'EUR', '2023-12-22', 4),
  (382, 3, 300, 'EUR', '2024-01-14', 5),
  (383, 5, 614, 'EUR', '2024-04-20', 7),
  (384, 4, 20, 'EUR', '2024-02-21', 9),
  (385, 5, 784, 'EUR', '2024-05-06', 6),
  (386, 2, -119, 'EUR', '2024-09-04', 7),
  (387, 4, 560, 'EUR', '2024-09-26', 3),
  (388, 4, 738, 'EUR', '2024-05-31', 3),
  (389, 2, 269, 'EUR', '2024-11-12', 4),
  (390, 1, 242, 'EUR', '2024-06-26', 2),
  (391, 4, 298, 'EUR', '2024-08-03', 2),
  (392, 1, 13, 'EUR', '2024-07-16', 7),
  (393, 2, 995, 'EUR', '2024-05-26', 5),
  (394, 1, 404, 'EUR', '2023-12-17', 6),
  (395, 1, 38, 'EUR', '2024-03-19', 5),
  (396, 1, 514, 'EUR', '2024-10-25', 2),
  (397, 4, -127, 'EUR', '2024-03-06', 7),
  (398, 2, 446, 'EUR', '2024-01-03', 9),
  (399, 4, 390, 'EUR', '2024-05-06', 8),
  (400, 4, 630, 'EUR', '2024-03-05', 1),
  (401, 4, 405, 'EUR', '2024-03-22', 5),
  (402, 3, -192, 'EUR', '2024-02-22', 7),
  (403, 1, -102, 'EUR', '2024-01-03', 7),
  (404, 3, -60, 'EUR', '2024-02-19', 7),
  (405, 1, -43, 'EUR', '2023-12-08', 7),
  (406, 2, 761, 'EUR', '2024-07-13', 7),
  (407, 3, 109, 'EUR', '2024-02-19', 3),
  (408, 4, 327, 'EUR', '2024-10-17', 9),
  (409, 5, 659, 'EUR', '2024-09-19', 7),
  (410, 5, 140, 'EUR', '2024-05-02', 8),
  (411, 1, 1, 'EUR', '2024-06-27', 3),
  (412, 3, 714, 'EUR', '2023-11-22', 5),
  (413, 1, 266, 'EUR', '2024-01-18', 6),
  (414, 1, 519, 'EUR', '2024-03-15', 1),
  (415, 5, 216, 'EUR', '2024-02-25', 4),
  (416, 3, 593, 'EUR', '2024-02-09', 1),
  (417, 4, 655, 'EUR', '2023-11-30', 9),
  (418, 3, 933, 'EUR', '2024-03-01', 4),
  (419, 2, 929, 'EUR', '2023-12-24', 4),
  (420, 5, 155, 'EUR', '2024-10-03', 4),
  (421, 5, -91, 'EUR', '2024-01-16', 2),
  (422, 2, -110, 'EUR', '2024-10-21', 4),
  (423, 2, 793, 'EUR', '2024-02-06', 7),
  (424, 3, 229, 'EUR', '2023-12-23', 4),
  (425, 5, 490, 'EUR', '2024-02-09', 6),
  (426, 1, -68, 'EUR', '2023-12-13', 4),
  (427, 4, -85, 'EUR', '2024-01-04', 5),
  (428, 4, 582, 'EUR', '2024-07-23', 1),
  (429, 4, 86, 'EUR', '2024-01-17', 4),
  (430, 1, 325, 'EUR', '2024-08-18', 1),
  (431, 2, 161, 'EUR', '2024-03-22', 2),
  (432, 2, 754, 'EUR', '2024-09-14', 1),
  (433, 2, 525, 'EUR', '2024-03-01', 5),
  (434, 4, 752, 'EUR', '2024-09-25', 2),
  (435, 3, 431, 'EUR', '2024-08-19', 4),
  (436, 2, 476, 'EUR', '2024-05-01', 8),
  (437, 4, 847, 'EUR', '2024-06-27', 6),
  (438, 5, 659, 'EUR', '2024-03-28', 6),
  (439, 2, -136, 'EUR', '2024-11-03', 6),
  (440, 5, 484, 'EUR', '2024-10-19', 4),
  (441, 1, 548, 'EUR', '2024-06-18', 4),
  (442, 1, 270, 'EUR', '2024-05-27', 7),
  (443, 3, 73, 'EUR', '2024-03-16', 6),
  (444, 4, 981, 'EUR', '2024-11-16', 8),
  (445, 3, 291, 'EUR', '2024-07-14', 3),
  (446, 3, 910, 'EUR', '2024-01-25', 3),
  (447, 2, 697, 'EUR', '2024-07-27', 8),
  (448, 3, 521, 'EUR', '2023-12-10', 9),
  (449, 3, 75, 'EUR', '2024-08-26', 5),
  (450, 2, 562, 'EUR', '2023-12-07', 6),
  (451, 3, 559, 'EUR', '2023-12-29', 5),
  (452, 3, 13, 'EUR', '2024-06-27', 8),
  (453, 3, -81, 'EUR', '2024-02-28', 9),
  (454, 2, 473, 'EUR', '2023-12-05', 1),
  (455, 2, 602, 'EUR', '2024-04-29', 3),
  (456, 4, 147, 'EUR', '2024-08-10', 1),
  (457, 4, -58, 'EUR', '2023-12-17', 9),
  (458, 2, 667, 'EUR', '2024-05-10', 3),
  (459, 1, 358, 'EUR', '2024-11-14', 6),
  (460, 3, 66, 'EUR', '2024-08-30', 9),
  (461, 2, 88, 'EUR', '2024-07-13', 3),
  (462, 4, 817, 'EUR', '2024-10-20', 4),
  (463, 5, 577, 'EUR', '2024-09-24', 8),
  (464, 3, 573, 'EUR', '2024-07-02', 5),
  (465, 3, 777, 'EUR', '2024-01-24', 3),
  (466, 1, 892, 'EUR', '2024-03-22', 6),
  (467, 4, 284, 'EUR', '2024-11-09', 5),
  (468, 2, 133, 'EUR', '2024-05-19', 1),
  (469, 3, 580, 'EUR', '2024-11-09', 9),
  (470, 3, 846, 'EUR', '2024-02-19', 6),
  (471, 3, -105, 'EUR', '2024-09-09', 2),
  (472, 2, 999, 'EUR', '2024-08-07', 2),
  (473, 1, -114, 'EUR', '2024-02-19', 6),
  (474, 1, 371, 'EUR', '2024-04-16', 1),
  (475, 4, -27, 'EUR', '2024-10-09', 4),
  (476, 4, 438, 'EUR', '2024-07-13', 2),
  (477, 5, 165, 'EUR', '2024-02-18', 4),
  (478, 2, 492, 'EUR', '2024-05-12', 1),
  (479, 5, 516, 'EUR', '2024-02-08', 6),
  (480, 4, 537, 'EUR', '2024-06-09', 4),
  (481, 1, 545, 'EUR', '2024-06-20', 1),
  (482, 2, 415, 'EUR', '2023-12-08', 1),
  (483, 1, 939, 'EUR', '2024-05-23', 5),
  (484, 4, 105, 'EUR', '2024-07-31', 7),
  (485, 1, 13, 'EUR', '2024-01-23', 7),
  (486, 5, -29, 'EUR', '2024-01-14', 2),
  (487, 3, 26, 'EUR', '2024-11-12', 4),
  (488, 4, 555, 'EUR', '2024-01-16', 4),
  (489, 1, 251, 'EUR', '2024-03-27', 9),
  (490, 1, 992, 'EUR', '2024-08-01', 8),
  (491, 5, 81, 'EUR', '2024-05-24', 8),
  (492, 1, 35, 'EUR', '2024-08-17', 7),
  (493, 3, 926, 'EUR', '2024-06-13', 9),
  (494, 4, -77, 'EUR', '2024-06-26', 1),
  (495, 3, -109, 'EUR', '2024-04-01', 8),
  (496, 5, 151, 'EUR', '2023-11-29', 9),
  (497, 4, 774, 'EUR', '2024-10-29', 4),
  (498, 1, -40, 'EUR', '2024-10-22', 2),
  (499, 2, 2, 'EUR', '2024-09-09', 9),
  (500, 3, 571, 'EUR', '2024-01-08', 6),
  (501, 4, 166, 'EUR', '2024-07-13', 6),
  (502, 2, 81, 'EUR', '2023-11-17', 3),
  (503, 2, 615, 'EUR', '2024-09-30', 8),
  (504, 3, 246, 'EUR', '2024-06-21', 8),
  (505, 2, -46, 'EUR', '2024-09-22', 9),
  (506, 2, 822, 'EUR', '2024-01-24', 4),
  (507, 5, 460, 'EUR', '2023-12-23', 5),
  (508, 2, 54, 'EUR', '2024-03-28', 4),
  (509, 3, 707, 'EUR', '2024-01-05', 8),
  (510, 4, 723, 'EUR', '2024-08-27', 1),
  (511, 1, 183, 'EUR', '2024-01-26', 9),
  (512, 1, 550, 'EUR', '2024-11-11', 4),
  (513, 5, 893, 'EUR', '2024-11-10', 1),
  (514, 2, 799, 'EUR', '2024-11-09', 4),
  (515, 4, 366, 'EUR', '2024-11-16', 4),
  (516, 1, 107, 'EUR', '2024-08-29', 6),
  (517, 3, 991, 'EUR', '2024-04-18', 2),
  (518, 5, -55, 'EUR', '2024-11-14', 2),
  (519, 3, 740, 'EUR', '2024-01-31', 7),
  (520, 3, 388, 'EUR', '2024-09-29', 8),
  (521, 5, 286, 'EUR', '2024-06-24', 3),
  (522, 1, 232, 'EUR', '2024-04-18', 6),
  (523, 3, 349, 'EUR', '2024-10-21', 4),
  (524, 1, 800, 'EUR', '2024-02-28', 4),
  (525, 5, 148, 'EUR', '2024-03-13', 6),
  (526, 2, 631, 'EUR', '2024-05-24', 8),
  (527, 4, 794, 'EUR', '2024-10-21', 8),
  (528, 1, -57, 'EUR', '2024-06-03', 8),
  (529, 3, -57, 'EUR', '2024-05-09', 4),
  (530, 5, 246, 'EUR', '2024-05-01', 3),
  (531, 3, 138, 'EUR', '2024-07-11', 1),
  (532, 3, 353, 'EUR', '2024-09-25', 4),
  (533, 3, -84, 'EUR', '2023-12-14', 7),
  (534, 5, 636, 'EUR', '2024-09-15', 7),
  (535, 3, 419, 'EUR', '2024-11-12', 8),
  (536, 4, 248, 'EUR', '2024-05-19', 1),
  (537, 4, 819, 'EUR', '2024-04-08', 7),
  (538, 3, 752, 'EUR', '2024-01-09', 7),
  (539, 3, 776, 'EUR', '2024-07-16', 6),
  (540, 5, 880, 'EUR', '2024-10-25', 2),
  (541, 1, 486, 'EUR', '2023-12-22', 1),
  (542, 4, 458, 'EUR', '2024-01-09', 6),
  (543, 2, 340, 'EUR', '2024-08-17', 1),
  (544, 1, 449, 'EUR', '2024-11-09', 9),
  (545, 2, 210, 'EUR', '2024-06-21', 9),
  (546, 5, 823, 'EUR', '2024-02-22', 4),
  (547, 2, 554, 'EUR', '2024-08-31', 7),
  (548, 4, 665, 'EUR', '2023-11-19', 7),
  (549, 3, 14, 'EUR', '2024-07-27', 6),
  (550, 4, 712, 'EUR', '2024-04-20', 4),
  (551, 5, 64, 'EUR', '2024-08-03', 1),
  (552, 3, 754, 'EUR', '2024-08-15', 9),
  (553, 4, 89, 'EUR', '2024-03-21', 2),
  (554, 5, 200, 'EUR', '2024-01-15', 3),
  (555, 4, 1000, 'EUR', '2024-10-29', 6),
  (556, 4, 473, 'EUR', '2023-12-14', 4),
  (557, 3, 855, 'EUR', '2024-04-21', 8),
  (558, 1, 342, 'EUR', '2024-11-13', 3),
  (559, 5, 207, 'EUR', '2023-11-23', 1),
  (560, 3, -129, 'EUR', '2024-08-30', 3),
  (561, 1, 803, 'EUR', '2024-05-10', 9),
  (562, 5, 715, 'EUR', '2024-01-20', 8),
  (563, 1, 500, 'EUR', '2024-10-26', 9),
  (564, 1, -109, 'EUR', '2024-05-07', 7),
  (565, 3, 291, 'EUR', '2024-03-29', 1),
  (566, 1, -182, 'EUR', '2024-11-03', 9),
  (567, 2, 207, 'EUR', '2024-10-19', 8),
  (568, 4, 339, 'EUR', '2024-07-08', 3),
  (569, 1, 392, 'EUR', '2023-12-11', 9),
  (570, 3, 508, 'EUR', '2024-08-31', 9),
  (571, 2, 872, 'EUR', '2023-11-19', 5),
  (572, 4, 2, 'EUR', '2024-06-14', 1),
  (573, 1, 876, 'EUR', '2024-02-12', 3),
  (574, 2, 601, 'EUR', '2024-11-07', 1),
  (575, 4, 286, 'EUR', '2023-12-09', 3),
  (576, 2, 934, 'EUR', '2024-10-20', 7),
  (577, 4, 934, 'EUR', '2024-02-24', 4),
  (578, 3, 192, 'EUR', '2024-07-31', 5),
  (579, 1, 217, 'EUR', '2024-09-06', 7),
  (580, 4, 229, 'EUR', '2024-04-17', 5),
  (581, 5, 146, 'EUR', '2024-09-24', 6),
  (582, 1, 878, 'EUR', '2024-03-28', 3),
  (583, 4, 272, 'EUR', '2024-10-30', 3),
  (584, 3, 349, 'EUR', '2024-02-26', 4),
  (585, 4, 616, 'EUR', '2024-06-04', 6),
  (586, 1, 620, 'EUR', '2024-06-04', 3),
  (587, 3, 23, 'EUR', '2024-01-23', 9),
  (588, 5, 820, 'EUR', '2024-05-26', 4),
  (589, 4, -2, 'EUR', '2024-09-05', 6),
  (590, 2, 274, 'EUR', '2024-04-06', 1),
  (591, 2, 943, 'EUR', '2024-09-29', 4),
  (592, 2, 198, 'EUR', '2024-08-12', 4),
  (593, 3, 241, 'EUR', '2024-05-19', 4),
  (594, 2, -190, 'EUR', '2024-02-04', 8),
  (595, 3, 1000, 'EUR', '2024-04-08', 4),
  (596, 3, 934, 'EUR', '2024-07-29', 1),
  (597, 1, -138, 'EUR', '2024-08-28', 3),
  (598, 1, 905, 'EUR', '2024-08-08', 3),
  (599, 3, -90, 'EUR', '2024-01-28', 5),
  (600, 2, -63, 'EUR', '2024-09-22', 3),
  (601, 5, 841, 'EUR', '2024-09-18', 6),
  (602, 5, 915, 'EUR', '2023-12-19', 4),
  (603, 1, -200, 'EUR', '2024-09-16', 6),
  (604, 3, -25, 'EUR', '2024-06-19', 9),
  (605, 4, 825, 'EUR', '2024-04-30', 3),
  (606, 1, 379, 'EUR', '2024-10-09', 5),
  (607, 3, 715, 'EUR', '2024-06-25', 7),
  (608, 2, 738, 'EUR', '2023-12-18', 2),
  (609, 3, 900, 'EUR', '2024-03-10', 4),
  (610, 5, 64, 'EUR', '2024-08-17', 7),
  (611, 4, 152, 'EUR', '2023-12-19', 9),
  (612, 1, 291, 'EUR', '2024-02-24', 3),
  (613, 5, 569, 'EUR', '2024-08-28', 5),
  (614, 4, 465, 'EUR', '2024-03-05', 4),
  (615, 5, 448, 'EUR', '2024-08-28', 5),
  (616, 3, 755, 'EUR', '2023-12-31', 6),
  (617, 5, 25, 'EUR', '2024-08-27', 9),
  (618, 3, 477, 'EUR', '2024-06-26', 8),
  (619, 1, 890, 'EUR', '2024-10-16', 2),
  (620, 4, 66, 'EUR', '2024-04-08', 1),
  (621, 1, -60, 'EUR', '2024-02-11', 9),
  (622, 5, 740, 'EUR', '2024-03-13', 5),
  (623, 1, 685, 'EUR', '2024-01-09', 1),
  (624, 3, 617, 'EUR', '2024-08-08', 8),
  (625, 2, 235, 'EUR', '2024-07-14', 3),
  (626, 4, 112, 'EUR', '2024-09-01', 8),
  (627, 4, 504, 'EUR', '2024-04-28', 4),
  (628, 3, 184, 'EUR', '2023-12-28', 8),
  (629, 2, 940, 'EUR', '2024-02-05', 2),
  (630, 4, 59, 'EUR', '2024-02-12', 6),
  (631, 3, 459, 'EUR', '2024-05-09', 6),
  (632, 1, 35, 'EUR', '2024-01-07', 5),
  (633, 5, 247, 'EUR', '2024-09-15', 2),
  (634, 4, -74, 'EUR', '2024-07-20', 9),
  (635, 3, 438, 'EUR', '2024-09-29', 1),
  (636, 2, 832, 'EUR', '2024-09-22', 3),
  (637, 3, 82, 'EUR', '2024-02-10', 9),
  (638, 5, 568, 'EUR', '2024-08-31', 4),
  (639, 4, 205, 'EUR', '2024-11-09', 9),
  (640, 3, -162, 'EUR', '2024-07-03', 2),
  (641, 2, 855, 'EUR', '2024-05-19', 5),
  (642, 1, 161, 'EUR', '2024-01-29', 7),
  (643, 5, 255, 'EUR', '2024-06-26', 1),
  (644, 1, 40, 'EUR', '2024-09-12', 2),
  (645, 4, -164, 'EUR', '2024-10-08', 9),
  (646, 1, 487, 'EUR', '2024-08-02', 7),
  (647, 1, 336, 'EUR', '2024-10-13', 8),
  (648, 2, 304, 'EUR', '2024-05-23', 9),
  (649, 3, -43, 'EUR', '2024-06-09', 5),
  (650, 2, 998, 'EUR', '2024-06-02', 8),
  (651, 5, 103, 'EUR', '2023-12-05', 6),
  (652, 5, 610, 'EUR', '2023-12-20', 9),
  (653, 2, 594, 'EUR', '2024-11-04', 4),
  (654, 5, 926, 'EUR', '2024-08-10', 9),
  (655, 4, 398, 'EUR', '2024-06-20', 1),
  (656, 5, 84, 'EUR', '2024-03-22', 1),
  (657, 2, -179, 'EUR', '2024-08-09', 6),
  (658, 3, 313, 'EUR', '2024-07-07', 4),
  (659, 2, 523, 'EUR', '2024-01-21', 7),
  (660, 2, 326, 'EUR', '2024-01-13', 4),
  (661, 5, 504, 'EUR', '2024-09-26', 9),
  (662, 2, 862, 'EUR', '2024-07-14', 8),
  (663, 2, 475, 'EUR', '2024-08-29', 8),
  (664, 3, 87, 'EUR', '2023-12-31', 7),
  (665, 5, 653, 'EUR', '2024-07-06', 9),
  (666, 3, 652, 'EUR', '2024-09-04', 2),
  (667, 4, 605, 'EUR', '2024-05-02', 6),
  (668, 1, -142, 'EUR', '2024-10-06', 5),
  (669, 3, 921, 'EUR', '2024-09-06', 3),
  (670, 2, 808, 'EUR', '2024-01-24', 7),
  (671, 2, 167, 'EUR', '2024-06-05', 3),
  (672, 3, -51, 'EUR', '2024-06-10', 6),
  (673, 1, 583, 'EUR', '2024-01-26', 3),
  (674, 4, -137, 'EUR', '2023-11-30', 1),
  (675, 2, -170, 'EUR', '2024-09-06', 7),
  (676, 2, 45, 'EUR', '2024-06-04', 7),
  (677, 3, 5, 'EUR', '2024-01-23', 5),
  (678, 2, 148, 'EUR', '2024-04-17', 3),
  (679, 2, 239, 'EUR', '2024-02-15', 4),
  (680, 2, 706, 'EUR', '2024-02-27', 3),
  (681, 2, 645, 'EUR', '2024-02-24', 5),
  (682, 1, 370, 'EUR', '2024-07-07', 7),
  (683, 3, 18, 'EUR', '2024-09-06', 3),
  (684, 5, 109, 'EUR', '2024-05-19', 3),
  (685, 3, 773, 'EUR', '2024-08-16', 6),
  (686, 5, 474, 'EUR', '2024-03-21', 7),
  (687, 1, 712, 'EUR', '2024-09-15', 4),
  (688, 1, 774, 'EUR', '2024-06-14', 5),
  (689, 3, 407, 'EUR', '2024-07-08', 2),
  (690, 2, 752, 'EUR', '2024-02-17', 9),
  (691, 2, -112, 'EUR', '2024-04-30', 3),
  (692, 2, 807, 'EUR', '2024-05-04', 1),
  (693, 2, 343, 'EUR', '2024-09-16', 9),
  (694, 5, 924, 'EUR', '2024-01-05', 1),
  (695, 5, 814, 'EUR', '2024-05-08', 9),
  (696, 3, 704, 'EUR', '2024-10-10', 1),
  (697, 1, 133, 'EUR', '2024-11-06', 5),
  (698, 5, -111, 'EUR', '2024-06-04', 2),
  (699, 3, 83, 'EUR', '2023-11-24', 2),
  (700, 1, 559, 'EUR', '2024-01-08', 7),
  (701, 5, -67, 'EUR', '2024-07-21', 3),
  (702, 3, 372, 'EUR', '2024-06-21', 4),
  (703, 3, 312, 'EUR', '2024-10-03', 8),
  (704, 1, 274, 'EUR', '2024-02-22', 3),
  (705, 2, 464, 'EUR', '2024-05-12', 6),
  (706, 4, 435, 'EUR', '2024-01-21', 8),
  (707, 4, 724, 'EUR', '2024-03-25', 5),
  (708, 4, 185, 'EUR', '2024-02-22', 5),
  (709, 2, 430, 'EUR', '2024-01-01', 1),
  (710, 1, -131, 'EUR', '2024-02-20', 7),
  (711, 1, -149, 'EUR', '2024-02-03', 1),
  (712, 4, -108, 'EUR', '2023-11-21', 8),
  (713, 2, 349, 'EUR', '2024-01-17', 8),
  (714, 3, 177, 'EUR', '2024-05-27', 2),
  (715, 3, -140, 'EUR', '2024-05-11', 1),
  (716, 2, 584, 'EUR', '2024-10-27', 3),
  (717, 1, 870, 'EUR', '2023-12-29', 1),
  (718, 2, 998, 'EUR', '2024-08-03', 7),
  (719, 2, 406, 'EUR', '2024-10-29', 5),
  (720, 2, 488, 'EUR', '2024-06-23', 8),
  (721, 4, 600, 'EUR', '2024-08-23', 7),
  (722, 1, 415, 'EUR', '2023-11-27', 4),
  (723, 2, 258, 'EUR', '2024-11-09', 1),
  (724, 1, 215, 'EUR', '2024-04-06', 5),
  (725, 4, 190, 'EUR', '2024-03-23', 8),
  (726, 4, -42, 'EUR', '2024-05-07', 2),
  (727, 3, -160, 'EUR', '2024-01-29', 2),
  (728, 3, 685, 'EUR', '2024-10-29', 2),
  (729, 2, -92, 'EUR', '2024-03-03', 9),
  (730, 1, 551, 'EUR', '2024-03-12', 7),
  (731, 3, -13, 'EUR', '2024-02-25', 9),
  (732, 2, 689, 'EUR', '2024-09-05', 5),
  (733, 2, 200, 'EUR', '2024-04-03', 8),
  (734, 3, 260, 'EUR', '2024-03-09', 9),
  (735, 4, 68, 'EUR', '2024-01-20', 5),
  (736, 1, -66, 'EUR', '2024-08-17', 3),
  (737, 2, 550, 'EUR', '2024-09-23', 8),
  (738, 5, 753, 'EUR', '2024-09-03', 3),
  (739, 3, 535, 'EUR', '2024-09-25', 6),
  (740, 1, 420, 'EUR', '2024-02-01', 6),
  (741, 4, 733, 'EUR', '2024-11-07', 8),
  (742, 1, 411, 'EUR', '2024-01-12', 1),
  (743, 3, 827, 'EUR', '2024-07-20', 3),
  (744, 4, 886, 'EUR', '2024-04-10', 3),
  (745, 1, 816, 'EUR', '2024-05-27', 9),
  (746, 3, 162, 'EUR', '2024-11-16', 9),
  (747, 4, 459, 'EUR', '2024-07-25', 8),
  (748, 4, -125, 'EUR', '2023-12-02', 9),
  (749, 1, 758, 'EUR', '2024-01-17', 9),
  (750, 5, 433, 'EUR', '2024-01-30', 8),
  (751, 5, 999, 'EUR', '2024-05-20', 4),
  (752, 3, 389, 'EUR', '2024-09-27', 9),
  (753, 3, 692, 'EUR', '2024-08-04', 9),
  (754, 1, 902, 'EUR', '2024-01-19', 4),
  (755, 1, -145, 'EUR', '2023-12-27', 6),
  (756, 3, 233, 'EUR', '2024-05-06', 9),
  (757, 5, 343, 'EUR', '2024-07-11', 5),
  (758, 4, 409, 'EUR', '2024-06-19', 1),
  (759, 4, 383, 'EUR', '2023-12-02', 1),
  (760, 1, 182, 'EUR', '2023-12-11', 9),
  (761, 5, -147, 'EUR', '2024-05-22', 9),
  (762, 1, 698, 'EUR', '2024-07-05', 7),
  (763, 2, 700, 'EUR', '2024-05-01', 8),
  (764, 4, 220, 'EUR', '2024-07-20', 4),
  (765, 5, 48, 'EUR', '2023-11-22', 7),
  (766, 5, 562, 'EUR', '2024-09-01', 7),
  (767, 4, 554, 'EUR', '2024-01-27', 9),
  (768, 2, 660, 'EUR', '2024-05-13', 6),
  (769, 1, 64, 'EUR', '2024-02-27', 4),
  (770, 2, 79, 'EUR', '2024-10-16', 9),
  (771, 5, -186, 'EUR', '2024-02-04', 3),
  (772, 2, 114, 'EUR', '2024-10-10', 9),
  (773, 5, 189, 'EUR', '2023-12-21', 6),
  (774, 5, 955, 'EUR', '2024-06-24', 9),
  (775, 1, 308, 'EUR', '2024-07-31', 7),
  (776, 4, 306, 'EUR', '2023-11-19', 7),
  (777, 3, 580, 'EUR', '2024-03-29', 6),
  (778, 5, 521, 'EUR', '2024-07-17', 6),
  (779, 5, 912, 'EUR', '2024-08-19', 3),
  (780, 5, 669, 'EUR', '2023-12-23', 1),
  (781, 5, 530, 'EUR', '2023-12-14', 6),
  (782, 2, 608, 'EUR', '2024-04-17', 4),
  (783, 1, 663, 'EUR', '2024-01-09', 2),
  (784, 4, 375, 'EUR', '2024-05-06', 1),
  (785, 3, -25, 'EUR', '2024-11-04', 3),
  (786, 1, -5, 'EUR', '2023-11-22', 3),
  (787, 3, 851, 'EUR', '2024-02-09', 5),
  (788, 1, 137, 'EUR', '2023-12-10', 1),
  (789, 2, 618, 'EUR', '2024-06-05', 7),
  (790, 2, 374, 'EUR', '2024-01-26', 8),
  (791, 3, 53, 'EUR', '2024-02-20', 4),
  (792, 4, 602, 'EUR', '2024-08-08', 3),
  (793, 4, -100, 'EUR', '2024-09-03', 1),
  (794, 4, 918, 'EUR', '2024-03-17', 3),
  (795, 5, 280, 'EUR', '2023-11-22', 2),
  (796, 5, 594, 'EUR', '2024-07-18', 4),
  (797, 4, 338, 'EUR', '2024-09-28', 9),
  (798, 2, 278, 'EUR', '2024-01-19', 1),
  (799, 5, 377, 'EUR', '2023-12-14', 7),
  (800, 1, 536, 'EUR', '2024-05-01', 7),
  (801, 3, -195, 'EUR', '2024-01-10', 4),
  (802, 4, 513, 'EUR', '2024-05-26', 4),
  (803, 2, 468, 'EUR', '2024-02-08', 5),
  (804, 5, 356, 'EUR', '2024-02-22', 7),
  (805, 2, -144, 'EUR', '2024-01-10', 2),
  (806, 1, -178, 'EUR', '2024-03-07', 7),
  (807, 3, 631, 'EUR', '2024-08-25', 1),
  (808, 2, 426, 'EUR', '2024-03-11', 2),
  (809, 4, 475, 'EUR', '2024-08-09', 6),
  (810, 4, 812, 'EUR', '2024-07-07', 5),
  (811, 2, -117, 'EUR', '2024-09-27', 9),
  (812, 1, -117, 'EUR', '2024-02-20', 7),
  (813, 3, 117, 'EUR', '2024-01-12', 7),
  (814, 5, 247, 'EUR', '2024-08-21', 8),
  (815, 3, 686, 'EUR', '2024-03-06', 5),
  (816, 1, 5, 'EUR', '2024-08-13', 1),
  (817, 5, -133, 'EUR', '2024-01-10', 9),
  (818, 1, 440, 'EUR', '2024-06-23', 9),
  (819, 3, 977, 'EUR', '2024-08-21', 9),
  (820, 1, 262, 'EUR', '2024-09-22', 4),
  (821, 2, 348, 'EUR', '2024-11-02', 5),
  (822, 3, 568, 'EUR', '2023-11-20', 9),
  (823, 5, 114, 'EUR', '2024-07-13', 7),
  (824, 1, -163, 'EUR', '2024-08-27', 3),
  (825, 3, -88, 'EUR', '2024-05-19', 5),
  (826, 2, -58, 'EUR', '2023-12-10', 8),
  (827, 3, 295, 'EUR', '2023-12-11', 9),
  (828, 4, 646, 'EUR', '2024-10-28', 4),
  (829, 1, 379, 'EUR', '2024-06-02', 4),
  (830, 4, 728, 'EUR', '2024-09-07', 2),
  (831, 4, 968, 'EUR', '2024-05-18', 4),
  (832, 5, 665, 'EUR', '2024-07-30', 3),
  (833, 1, 906, 'EUR', '2024-10-22', 2),
  (834, 4, -173, 'EUR', '2024-07-21', 1),
  (835, 1, -105, 'EUR', '2024-08-19', 3),
  (836, 1, 726, 'EUR', '2024-04-06', 8),
  (837, 2, 579, 'EUR', '2024-07-08', 7),
  (838, 1, 524, 'EUR', '2024-07-07', 6),
  (839, 3, -8, 'EUR', '2024-08-04', 2),
  (840, 4, 753, 'EUR', '2024-10-22', 2),
  (841, 3, 450, 'EUR', '2024-10-03', 8),
  (842, 3, 698, 'EUR', '2024-09-18', 4),
  (843, 3, 45, 'EUR', '2024-02-10', 7),
  (844, 3, 694, 'EUR', '2024-06-24', 9),
  (845, 4, 566, 'EUR', '2024-10-27', 6),
  (846, 2, 8, 'EUR', '2024-09-05', 7),
  (847, 3, 72, 'EUR', '2024-09-12', 6),
  (848, 2, 635, 'EUR', '2024-06-02', 6),
  (849, 4, 233, 'EUR', '2024-05-04', 1),
  (850, 2, 447, 'EUR', '2024-08-15', 9),
  (851, 5, 259, 'EUR', '2024-11-15', 9),
  (852, 4, 935, 'EUR', '2024-02-16', 2),
  (853, 5, 889, 'EUR', '2024-01-12', 6),
  (854, 1, 83, 'EUR', '2024-04-02', 4),
  (855, 1, -46, 'EUR', '2023-11-24', 7),
  (856, 5, 791, 'EUR', '2024-09-07', 4),
  (857, 1, 651, 'EUR', '2024-11-05', 3),
  (858, 4, -142, 'EUR', '2024-07-21', 4),
  (859, 2, 566, 'EUR', '2024-08-24', 7),
  (860, 4, 233, 'EUR', '2024-09-09', 3),
  (861, 1, 690, 'EUR', '2024-07-28', 5),
  (862, 3, -121, 'EUR', '2024-05-18', 3),
  (863, 2, 980, 'EUR', '2024-04-13', 8),
  (864, 1, 989, 'EUR', '2024-06-11', 2),
  (865, 5, 716, 'EUR', '2024-10-14', 1),
  (866, 4, 231, 'EUR', '2024-10-14', 6),
  (867, 5, 447, 'EUR', '2024-01-29', 8),
  (868, 4, 526, 'EUR', '2024-10-24', 4),
  (869, 3, 436, 'EUR', '2024-02-20', 7),
  (870, 5, 141, 'EUR', '2024-02-28', 5),
  (871, 2, 283, 'EUR', '2024-07-03', 7),
  (872, 1, 921, 'EUR', '2024-05-05', 1),
  (873, 2, -13, 'EUR', '2024-10-02', 7),
  (874, 1, 199, 'EUR', '2024-08-14', 1),
  (875, 4, 577, 'EUR', '2024-07-14', 8),
  (876, 5, 469, 'EUR', '2024-03-19', 7),
  (877, 4, -78, 'EUR', '2024-03-05', 3),
  (878, 5, 60, 'EUR', '2024-09-03', 3),
  (879, 2, 47, 'EUR', '2024-05-23', 7),
  (880, 1, 389, 'EUR', '2024-01-04', 1),
  (881, 5, 428, 'EUR', '2024-07-05', 3),
  (882, 2, 159, 'EUR', '2024-07-22', 4),
  (883, 5, 586, 'EUR', '2024-06-11', 5),
  (884, 2, -13, 'EUR', '2024-05-10', 6),
  (885, 4, -115, 'EUR', '2024-06-02', 1),
  (886, 1, -89, 'EUR', '2024-08-17', 8),
  (887, 3, 775, 'EUR', '2023-12-08', 6),
  (888, 2, 182, 'EUR', '2024-03-23', 4),
  (889, 2, 501, 'EUR', '2024-09-25', 5),
  (890, 2, 577, 'EUR', '2023-12-02', 5),
  (891, 2, 887, 'EUR', '2023-11-18', 9),
  (892, 5, 299, 'EUR', '2024-06-13', 3),
  (893, 2, 371, 'EUR', '2024-10-15', 7),
  (894, 1, 226, 'EUR', '2024-04-26', 8),
  (895, 5, 47, 'EUR', '2024-09-10', 9),
  (896, 4, 390, 'EUR', '2024-08-14', 6),
  (897, 2, -89, 'EUR', '2024-01-25', 7),
  (898, 2, 541, 'EUR', '2024-02-25', 2),
  (899, 5, 215, 'EUR', '2023-12-29', 9),
  (900, 4, 426, 'EUR', '2023-11-22', 2),
  (901, 4, 301, 'EUR', '2024-07-05', 7),
  (902, 4, 165, 'EUR', '2024-08-21', 3),
  (903, 4, 797, 'EUR', '2024-11-10', 2),
  (904, 5, -13, 'EUR', '2024-03-27', 1),
  (905, 4, 298, 'EUR', '2024-02-09', 4),
  (906, 1, 842, 'EUR', '2024-06-15', 9),
  (907, 3, 228, 'EUR', '2024-09-06', 5),
  (908, 1, 71, 'EUR', '2024-07-03', 7),
  (909, 1, 284, 'EUR', '2024-09-22', 4),
  (910, 5, 465, 'EUR', '2024-01-20', 4),
  (911, 1, 960, 'EUR', '2024-02-01', 5),
  (912, 5, 903, 'EUR', '2024-03-04', 9),
  (913, 4, 807, 'EUR', '2024-03-13', 2),
  (914, 3, 145, 'EUR', '2023-12-12', 2),
  (915, 5, 223, 'EUR', '2024-06-17', 9),
  (916, 5, 863, 'EUR', '2024-02-23', 6),
  (917, 2, -81, 'EUR', '2024-02-13', 8),
  (918, 4, 91, 'EUR', '2024-05-10', 4),
  (919, 4, 822, 'EUR', '2024-04-15', 6),
  (920, 5, 379, 'EUR', '2024-10-28', 4),
  (921, 3, 816, 'EUR', '2023-12-20', 5),
  (922, 5, -131, 'EUR', '2024-11-01', 3),
  (923, 5, 989, 'EUR', '2024-07-21', 2),
  (924, 1, 206, 'EUR', '2024-05-21', 1),
  (925, 1, 251, 'EUR', '2023-12-08', 3),
  (926, 4, 23, 'EUR', '2024-01-03', 6),
  (927, 1, 75, 'EUR', '2024-05-25', 5),
  (928, 5, 979, 'EUR', '2024-09-20', 5),
  (929, 2, 555, 'EUR', '2024-10-02', 5),
  (930, 3, 193, 'EUR', '2024-01-07', 8),
  (931, 3, -62, 'EUR', '2024-11-09', 3),
  (932, 4, -77, 'EUR', '2024-07-12', 1),
  (933, 5, -122, 'EUR', '2024-11-16', 8),
  (934, 2, 859, 'EUR', '2024-05-21', 7),
  (935, 2, 525, 'EUR', '2024-04-10', 5),
  (936, 5, 105, 'EUR', '2024-01-05', 9),
  (937, 2, 296, 'EUR', '2024-01-20', 3),
  (938, 1, 830, 'EUR', '2024-01-27', 2),
  (939, 4, 627, 'EUR', '2024-06-05', 9),
  (940, 1, 298, 'EUR', '2024-03-13', 4),
  (941, 5, 577, 'EUR', '2024-08-10', 4),
  (942, 4, 615, 'EUR', '2024-10-24', 3),
  (943, 5, 289, 'EUR', '2024-07-22', 4),
  (944, 1, 163, 'EUR', '2023-12-01', 3),
  (945, 3, -62, 'EUR', '2024-11-04', 4),
  (946, 3, 398, 'EUR', '2024-09-01', 2),
  (947, 2, 992, 'EUR', '2023-11-30', 9),
  (948, 4, 740, 'EUR', '2024-02-16', 7),
  (949, 1, 700, 'EUR', '2024-05-05', 3),
  (950, 4, -144, 'EUR', '2024-04-06', 6),
  (951, 5, 364, 'EUR', '2024-07-07', 6),
  (952, 3, 574, 'EUR', '2024-01-18', 3),
  (953, 3, 914, 'EUR', '2024-02-26', 5),
  (954, 3, 760, 'EUR', '2024-09-21', 8),
  (955, 4, 655, 'EUR', '2023-12-24', 3),
  (956, 4, 653, 'EUR', '2024-11-08', 2),
  (957, 5, 663, 'EUR', '2024-03-31', 2),
  (958, 3, 700, 'EUR', '2024-09-22', 8),
  (959, 3, -67, 'EUR', '2024-07-22', 7),
  (960, 5, -194, 'EUR', '2024-01-03', 2),
  (961, 5, -83, 'EUR', '2024-04-01', 5),
  (962, 2, 217, 'EUR', '2024-08-29', 7),
  (963, 4, 130, 'EUR', '2024-04-21', 8),
  (964, 2, 966, 'EUR', '2024-02-09', 1),
  (965, 5, 562, 'EUR', '2024-08-20', 5),
  (966, 5, 418, 'EUR', '2024-01-27', 5),
  (967, 2, 413, 'EUR', '2024-08-26', 4),
  (968, 5, 456, 'EUR', '2024-07-28', 9),
  (969, 5, 453, 'EUR', '2024-10-08', 6),
  (970, 3, 732, 'EUR', '2024-06-21', 1),
  (971, 3, 687, 'EUR', '2024-10-25', 9),
  (972, 2, -131, 'EUR', '2023-12-24', 4),
  (973, 3, 248, 'EUR', '2024-03-08', 6),
  (974, 3, 760, 'EUR', '2024-03-27', 8),
  (975, 2, 715, 'EUR', '2024-10-31', 2),
  (976, 3, 754, 'EUR', '2024-03-24', 9),
  (977, 1, 657, 'EUR', '2024-01-14', 3),
  (978, 5, 252, 'EUR', '2024-10-11', 6),
  (979, 4, 472, 'EUR', '2024-08-03', 7),
  (980, 1, 460, 'EUR', '2024-10-08', 6),
  (981, 5, 362, 'EUR', '2023-11-17', 5),
  (982, 5, 441, 'EUR', '2024-10-20', 7),
  (983, 4, 518, 'EUR', '2024-06-26', 2),
  (984, 5, 385, 'EUR', '2023-11-29', 3),
  (985, 5, 737, 'EUR', '2024-03-22', 3),
  (986, 4, 582, 'EUR', '2023-12-29', 8),
  (987, 1, 498, 'EUR', '2024-05-30', 4),
  (988, 2, 962, 'EUR', '2024-11-11', 1),
  (989, 5, 813, 'EUR', '2024-07-24', 4),
  (990, 3, 236, 'EUR', '2023-12-23', 2),
  (991, 2, -93, 'EUR', '2024-02-11', 6),
  (992, 4, 290, 'EUR', '2024-05-09', 2),
  (993, 1, 663, 'EUR', '2023-12-04', 4),
  (994, 5, -173, 'EUR', '2024-02-27', 8),
  (995, 3, 392, 'EUR', '2024-08-29', 9),
  (996, 4, 222, 'EUR', '2024-02-08', 5),
  (997, 4, 837, 'EUR', '2024-01-28', 8),
  (998, 1, 656, 'EUR', '2024-09-17', 6),
  (999, 1, 322, 'EUR', '2023-12-01', 7),
  (1000, 3, 221, 'EUR', '2024-02-18', 6),
  (1001, 5, 193, 'EUR', '2023-11-19', 9),
  (1002, 4, 34, 'EUR', '2024-03-23', 6),
  (1003, 3, -34, 'EUR', '2024-02-12', 1),
  (1004, 3, 653, 'EUR', '2024-03-26', 5),
  (1005, 5, 686, 'EUR', '2024-08-28', 9),
  (1006, 2, 537, 'EUR', '2024-03-15', 2),
  (1007, 1, -63, 'EUR', '2024-07-13', 1),
  (1008, 5, 627, 'EUR', '2024-11-10', 7),
  (1009, 2, 570, 'EUR', '2024-10-25', 5),
  (1010, 5, 625, 'EUR', '2024-01-08', 6),
  (1011, 4, 928, 'EUR', '2024-03-07', 6),
  (1012, 2, -71, 'EUR', '2024-01-15', 4),
  (1013, 5, 241, 'EUR', '2024-01-04', 5),
  (1014, 5, -12, 'EUR', '2024-09-10', 5),
  (1015, 5, -129, 'EUR', '2024-10-09', 3),
  (1016, 5, -22, 'EUR', '2024-08-07', 9),
  (1017, 5, 696, 'EUR', '2024-02-01', 3),
  (1018, 5, -84, 'EUR', '2024-10-16', 6),
  (1019, 1, 698, 'EUR', '2024-10-31', 1),
  (1020, 2, 643, 'EUR', '2024-03-25', 2),
  (1021, 4, -60, 'EUR', '2024-09-06', 3),
  (1022, 1, 416, 'EUR', '2023-11-20', 7),
  (1023, 5, -95, 'EUR', '2024-10-27', 2),
  (1024, 4, 442, 'EUR', '2024-09-26', 5),
  (1025, 2, 34, 'EUR', '2024-06-25', 5),
  (1026, 4, 854, 'EUR', '2024-08-11', 8),
  (1027, 1, 115, 'EUR', '2024-05-11', 2),
  (1028, 5, 933, 'EUR', '2024-05-05', 7),
  (1029, 2, 560, 'EUR', '2024-04-18', 8),
  (1030, 5, 1, 'EUR', '2023-11-28', 6),
  (1031, 2, 743, 'EUR', '2024-05-01', 2),
  (1032, 2, 723, 'EUR', '2024-05-05', 1),
  (1033, 1, 917, 'EUR', '2024-08-05', 3),
  (1034, 2, 141, 'EUR', '2024-05-15', 1),
  (1035, 5, 17, 'EUR', '2024-10-30', 5),
  (1036, 1, -97, 'EUR', '2024-07-03', 2),
  (1037, 4, 442, 'EUR', '2024-03-27', 2),
  (1038, 2, 299, 'EUR', '2023-12-17', 6),
  (1039, 3, 762, 'EUR', '2024-04-17', 1),
  (1040, 3, 50, 'EUR', '2024-10-29', 7),
  (1041, 1, 567, 'EUR', '2024-09-16', 8),
  (1042, 2, 516, 'EUR', '2024-07-04', 4),
  (1043, 5, 958, 'EUR', '2024-01-20', 1),
  (1044, 4, 811, 'EUR', '2024-04-27', 7),
  (1045, 4, 121, 'EUR', '2023-11-21', 7),
  (1046, 5, 550, 'EUR', '2024-07-05', 4),
  (1047, 2, 561, 'EUR', '2024-04-29', 7),
  (1048, 2, 238, 'EUR', '2024-09-23', 9),
  (1049, 5, 693, 'EUR', '2024-03-05', 9),
  (1050, 2, 255, 'EUR', '2024-11-06', 9),
  (1051, 3, 240, 'EUR', '2024-05-02', 6),
  (1052, 4, 356, 'EUR', '2024-08-08', 1),
  (1053, 2, 144, 'EUR', '2024-05-26', 9),
  (1054, 3, -100, 'EUR', '2024-09-07', 6),
  (1055, 4, 224, 'EUR', '2024-02-26', 7),
  (1056, 4, 324, 'EUR', '2024-05-24', 5),
  (1057, 2, 288, 'EUR', '2023-12-10', 8),
  (1058, 1, -30, 'EUR', '2024-01-23', 1),
  (1059, 4, 616, 'EUR', '2024-02-16', 7),
  (1060, 5, 142, 'EUR', '2024-03-01', 9),
  (1061, 5, 46, 'EUR', '2024-07-27', 5),
  (1062, 1, 398, 'EUR', '2023-11-26', 8),
  (1063, 4, 982, 'EUR', '2024-05-11', 2),
  (1064, 3, 139, 'EUR', '2024-01-16', 6),
  (1065, 3, 96, 'EUR', '2024-05-14', 9),
  (1066, 5, 972, 'EUR', '2024-04-24', 1),
  (1067, 4, 521, 'EUR', '2024-08-30', 2),
  (1068, 4, 836, 'EUR', '2024-01-21', 6),
  (1069, 5, 157, 'EUR', '2024-07-06', 9),
  (1070, 3, 267, 'EUR', '2024-02-17', 1),
  (1071, 1, 791, 'EUR', '2024-03-18', 8),
  (1072, 1, 535, 'EUR', '2024-02-27', 6),
  (1073, 3, 384, 'EUR', '2024-06-15', 8),
  (1074, 2, 276, 'EUR', '2024-08-16', 5),
  (1075, 2, 487, 'EUR', '2024-06-26', 8),
  (1076, 1, 954, 'EUR', '2023-11-23', 7),
  (1077, 4, -16, 'EUR', '2023-12-23', 5),
  (1078, 1, 264, 'EUR', '2024-01-21', 5),
  (1079, 2, 374, 'EUR', '2024-06-13', 8),
  (1080, 2, -83, 'EUR', '2024-02-11', 4),
  (1081, 5, -148, 'EUR', '2024-09-06', 2),
  (1082, 3, 656, 'EUR', '2024-01-07', 8),
  (1083, 1, -198, 'EUR', '2023-12-19', 8),
  (1084, 5, 194, 'EUR', '2024-05-26', 6),
  (1085, 5, -1, 'EUR', '2024-01-21', 7),
  (1086, 1, 585, 'EUR', '2024-03-01', 5),
  (1087, 4, 780, 'EUR', '2023-12-28', 5),
  (1088, 1, 530, 'EUR', '2024-11-02', 7),
  (1089, 2, 950, 'EUR', '2024-03-22', 2),
  (1090, 1, 869, 'EUR', '2023-12-03', 4),
  (1091, 2, 349, 'EUR', '2023-11-17', 4),
  (1092, 3, 564, 'EUR', '2024-06-22', 5),
  (1093, 5, -90, 'EUR', '2024-03-13', 5),
  (1094, 2, 64, 'EUR', '2023-12-29', 9),
  (1095, 1, 318, 'EUR', '2024-09-16', 4),
  (1096, 5, 666, 'EUR', '2024-11-02', 8),
  (1097, 2, -91, 'EUR', '2024-01-25', 5),
  (1098, 5, 812, 'EUR', '2024-09-15', 6),
  (1099, 3, -167, 'EUR', '2024-02-02', 2),
  (1100, 4, 849, 'EUR', '2023-12-18', 3),
  (1101, 4, -2, 'EUR', '2024-07-15', 4),
  (1102, 5, 43, 'EUR', '2024-07-17', 3),
  (1103, 4, 984, 'EUR', '2024-10-22', 8),
  (1104, 2, 546, 'EUR', '2024-10-04', 8),
  (1105, 2, 736, 'EUR', '2024-05-24', 8),
  (1106, 1, 603, 'EUR', '2024-08-20', 8),
  (1107, 1, 996, 'EUR', '2024-03-19', 1),
  (1108, 4, 479, 'EUR', '2024-07-06', 6),
  (1109, 1, 659, 'EUR', '2024-09-23', 6),
  (1110, 1, -95, 'EUR', '2024-09-12', 7),
  (1111, 4, 295, 'EUR', '2024-09-09', 7),
  (1112, 2, 451, 'EUR', '2024-04-22', 3),
  (1113, 5, 519, 'EUR', '2024-07-08', 7),
  (1114, 1, 661, 'EUR', '2024-05-29', 5),
  (1115, 3, -55, 'EUR', '2024-08-06', 5),
  (1116, 4, 460, 'EUR', '2024-07-17', 1),
  (1117, 4, -20, 'EUR', '2024-04-22', 2),
  (1118, 3, 715, 'EUR', '2024-07-28', 1),
  (1119, 4, 854, 'EUR', '2024-01-15', 5),
  (1120, 3, -157, 'EUR', '2024-04-18', 3),
  (1121, 3, 453, 'EUR', '2024-03-09', 9),
  (1122, 3, 866, 'EUR', '2024-10-04', 9),
  (1123, 5, 316, 'EUR', '2024-08-14', 6),
  (1124, 5, 207, 'EUR', '2024-09-01', 2),
  (1125, 1, -55, 'EUR', '2024-09-12', 8),
  (1126, 2, -197, 'EUR', '2024-10-26', 4),
  (1127, 5, 751, 'EUR', '2023-12-22', 1),
  (1128, 4, 23, 'EUR', '2024-10-12', 2),
  (1129, 3, 887, 'EUR', '2024-04-22', 1),
  (1130, 2, 108, 'EUR', '2024-11-04', 8),
  (1131, 3, -2, 'EUR', '2024-05-02', 6),
  (1132, 3, 687, 'EUR', '2024-07-14', 7),
  (1133, 2, 706, 'EUR', '2024-09-19', 4),
  (1134, 5, 500, 'EUR', '2024-02-18', 3),
  (1135, 1, 410, 'EUR', '2024-04-07', 6),
  (1136, 3, 800, 'EUR', '2024-08-08', 7),
  (1137, 3, 717, 'EUR', '2024-08-20', 1),
  (1138, 5, 918, 'EUR', '2023-12-04', 7),
  (1139, 3, 975, 'EUR', '2024-02-28', 1),
  (1140, 2, -139, 'EUR', '2023-12-24', 3),
  (1141, 4, 559, 'EUR', '2024-03-19', 5),
  (1142, 1, 811, 'EUR', '2024-01-13', 4),
  (1143, 2, 87, 'EUR', '2024-08-09', 3),
  (1144, 5, 278, 'EUR', '2023-12-18', 5),
  (1145, 1, 942, 'EUR', '2024-01-04', 9),
  (1146, 1, 413, 'EUR', '2024-11-01', 6),
  (1147, 4, 129, 'EUR', '2024-03-18', 4),
  (1148, 1, 898, 'EUR', '2024-06-12', 8),
  (1149, 5, 301, 'EUR', '2024-05-29', 3),
  (1150, 2, 160, 'EUR', '2024-02-17', 1),
  (1151, 2, 121, 'EUR', '2024-10-14', 7),
  (1152, 2, 590, 'EUR', '2024-02-07', 6),
  (1153, 1, 831, 'EUR', '2024-10-31', 5),
  (1154, 2, 639, 'EUR', '2024-08-11', 4),
  (1155, 1, 768, 'EUR', '2024-04-16', 5),
  (1156, 4, 976, 'EUR', '2024-06-16', 1),
  (1157, 4, 41, 'EUR', '2024-06-20', 6),
  (1158, 3, 545, 'EUR', '2024-03-30', 9),
  (1159, 5, 726, 'EUR', '2023-11-20', 8),
  (1160, 1, 242, 'EUR', '2024-03-16', 8),
  (1161, 5, -132, 'EUR', '2024-03-26', 5),
  (1162, 1, -160, 'EUR', '2024-05-29', 3),
  (1163, 5, 244, 'EUR', '2024-09-16', 4),
  (1164, 5, 77, 'EUR', '2024-07-24', 3),
  (1165, 5, 313, 'EUR', '2023-12-24', 1),
  (1166, 5, 508, 'EUR', '2024-05-23', 2),
  (1167, 3, 754, 'EUR', '2024-03-18', 8),
  (1168, 5, 96, 'EUR', '2024-02-23', 7),
  (1169, 5, 333, 'EUR', '2024-06-05', 7),
  (1170, 4, 150, 'EUR', '2024-06-24', 1),
  (1171, 1, 641, 'EUR', '2024-06-25', 3),
  (1172, 5, 603, 'EUR', '2024-08-03', 8),
  (1173, 3, 697, 'EUR', '2024-02-02', 9),
  (1174, 2, -139, 'EUR', '2024-03-23', 1),
  (1175, 5, 656, 'EUR', '2024-04-16', 6),
  (1176, 3, 763, 'EUR', '2024-06-19', 7),
  (1177, 5, 550, 'EUR', '2024-09-02', 1),
  (1178, 3, 560, 'EUR', '2024-04-21', 8),
  (1179, 4, 211, 'EUR', '2024-04-24', 9),
  (1180, 5, 789, 'EUR', '2024-04-09', 1),
  (1181, 4, -97, 'EUR', '2024-02-28', 7),
  (1182, 4, 280, 'EUR', '2024-08-14', 6),
  (1183, 4, 325, 'EUR', '2024-10-02', 4),
  (1184, 5, 216, 'EUR', '2023-11-28', 1),
  (1185, 1, 121, 'EUR', '2024-03-20', 4),
  (1186, 5, 85, 'EUR', '2024-08-07', 7),
  (1187, 2, 449, 'EUR', '2024-09-30', 3),
  (1188, 5, 416, 'EUR', '2023-12-28', 9),
  (1189, 3, 453, 'EUR', '2024-04-16', 6),
  (1190, 5, 778, 'EUR', '2024-09-11', 8),
  (1191, 5, 38, 'EUR', '2023-12-10', 3),
  (1192, 1, 448, 'EUR', '2024-08-09', 4),
  (1193, 1, -97, 'EUR', '2024-08-23', 1),
  (1194, 4, 220, 'EUR', '2024-03-26', 9),
  (1195, 5, -103, 'EUR', '2024-02-26', 4),
  (1196, 3, 271, 'EUR', '2024-02-18', 1),
  (1197, 3, 337, 'EUR', '2024-01-14', 6),
  (1198, 5, -188, 'EUR', '2024-02-04', 4),
  (1199, 1, 239, 'EUR', '2023-11-24', 5),
  (1200, 4, 222, 'EUR', '2024-09-27', 7),
  (1201, 3, -13, 'EUR', '2023-12-11', 5),
  (1202, 5, 928, 'EUR', '2024-09-30', 1),
  (1203, 5, 654, 'EUR', '2024-05-24', 6),
  (1204, 3, -118, 'EUR', '2024-09-17', 8),
  (1205, 5, -52, 'EUR', '2024-04-06', 9),
  (1206, 1, 357, 'EUR', '2024-10-28', 7),
  (1207, 4, 330, 'EUR', '2023-12-15', 7),
  (1208, 3, 160, 'EUR', '2024-03-04', 8),
  (1209, 2, 872, 'EUR', '2024-04-05', 9),
  (1210, 2, -183, 'EUR', '2024-08-10', 4),
  (1211, 1, 47, 'EUR', '2024-06-12', 2),
  (1212, 4, 870, 'EUR', '2024-04-09', 2),
  (1213, 1, 138, 'EUR', '2024-03-14', 6),
  (1214, 3, 115, 'EUR', '2023-11-18', 3),
  (1215, 4, 665, 'EUR', '2024-02-23', 9),
  (1216, 2, 173, 'EUR', '2024-11-15', 3),
  (1217, 4, 962, 'EUR', '2023-12-23', 2),
  (1218, 3, 1, 'EUR', '2024-08-17', 7),
  (1219, 4, 297, 'EUR', '2024-06-14', 7),
  (1220, 2, 57, 'EUR', '2024-10-19', 3),
  (1221, 2, -22, 'EUR', '2024-01-31', 3),
  (1222, 1, -124, 'EUR', '2024-06-09', 9),
  (1223, 5, 509, 'EUR', '2024-04-17', 6),
  (1224, 1, 639, 'EUR', '2024-03-06', 2),
  (1225, 1, 895, 'EUR', '2024-02-20', 6),
  (1226, 3, 781, 'EUR', '2023-12-23', 1),
  (1227, 5, 614, 'EUR', '2024-10-21', 4),
  (1228, 1, 327, 'EUR', '2024-09-27', 6),
  (1229, 4, 381, 'EUR', '2024-11-06', 8),
  (1230, 1, 467, 'EUR', '2024-10-11', 1),
  (1231, 5, 953, 'EUR', '2024-09-07', 1),
  (1232, 2, 313, 'EUR', '2024-08-16', 5),
  (1233, 2, 23, 'EUR', '2024-10-23', 2),
  (1234, 5, 213, 'EUR', '2024-08-28', 6),
  (1235, 1, -37, 'EUR', '2024-06-07', 2),
  (1236, 2, 713, 'EUR', '2024-01-18', 4),
  (1237, 5, 336, 'EUR', '2024-07-28', 4),
  (1238, 3, 649, 'EUR', '2024-04-15', 6),
  (1239, 2, 730, 'EUR', '2024-04-22', 5),
  (1240, 4, 70, 'EUR', '2024-08-19', 7),
  (1241, 4, 304, 'EUR', '2024-09-01', 5),
  (1242, 2, 712, 'EUR', '2023-12-17', 7),
  (1243, 2, 703, 'EUR', '2024-03-29', 2),
  (1244, 1, 580, 'EUR', '2024-10-16', 8),
  (1245, 1, -5, 'EUR', '2024-09-05', 3),
  (1246, 3, 772, 'EUR', '2024-07-13', 6),
  (1247, 5, 227, 'EUR', '2024-07-02', 8),
  (1248, 3, 100, 'EUR', '2023-12-26', 1),
  (1249, 1, -196, 'EUR', '2024-03-04', 7),
  (1250, 1, -81, 'EUR', '2024-02-03', 9),
  (1251, 4, 904, 'EUR', '2024-03-29', 7),
  (1252, 2, 737, 'EUR', '2024-09-09', 5),
  (1253, 2, 249, 'EUR', '2024-09-08', 7),
  (1254, 3, 298, 'EUR', '2024-07-18', 8),
  (1255, 3, 343, 'EUR', '2024-01-08', 5),
  (1256, 5, 217, 'EUR', '2024-05-21', 1),
  (1257, 3, -144, 'EUR', '2024-03-17', 3),
  (1258, 4, 511, 'EUR', '2024-01-04', 5),
  (1259, 5, -186, 'EUR', '2024-10-16', 9),
  (1260, 4, 424, 'EUR', '2024-02-17', 3),
  (1261, 3, 294, 'EUR', '2024-11-12', 5),
  (1262, 4, 301, 'EUR', '2023-11-22', 6),
  (1263, 5, 666, 'EUR', '2024-01-26', 3),
  (1264, 4, 23, 'EUR', '2024-03-22', 8),
  (1265, 1, 813, 'EUR', '2024-01-01', 6),
  (1266, 3, 22, 'EUR', '2024-06-09', 4),
  (1267, 3, -5, 'EUR', '2024-02-16', 8),
  (1268, 5, -171, 'EUR', '2024-09-05', 4),
  (1269, 5, -105, 'EUR', '2024-09-24', 9),
  (1270, 4, 238, 'EUR', '2024-04-13', 3),
  (1271, 5, 842, 'EUR', '2024-10-26', 6),
  (1272, 5, 677, 'EUR', '2024-02-28', 5),
  (1273, 3, 776, 'EUR', '2024-10-18', 1),
  (1274, 1, 103, 'EUR', '2024-04-20', 7),
  (1275, 1, 757, 'EUR', '2024-05-03', 1),
  (1276, 5, 239, 'EUR', '2024-01-06', 1),
  (1277, 1, 599, 'EUR', '2024-09-01', 8),
  (1278, 2, 921, 'EUR', '2024-06-06', 7),
  (1279, 1, 810, 'EUR', '2024-04-27', 5),
  (1280, 2, 401, 'EUR', '2024-04-04', 1),
  (1281, 3, 371, 'EUR', '2024-03-25', 9),
  (1282, 5, -30, 'EUR', '2024-03-18', 9),
  (1283, 2, 259, 'EUR', '2024-04-08', 2),
  (1284, 4, 41, 'EUR', '2024-01-08', 3),
  (1285, 1, 58, 'EUR', '2024-08-19', 5),
  (1286, 1, 699, 'EUR', '2024-04-08', 1),
  (1287, 5, 259, 'EUR', '2024-06-08', 8),
  (1288, 4, 88, 'EUR', '2024-06-10', 9),
  (1289, 2, 963, 'EUR', '2024-01-26', 6),
  (1290, 5, 915, 'EUR', '2024-10-06', 7),
  (1291, 1, 734, 'EUR', '2024-01-15', 2),
  (1292, 2, 150, 'EUR', '2024-09-21', 9),
  (1293, 4, 606, 'EUR', '2024-11-09', 4),
  (1294, 2, 244, 'EUR', '2024-07-25', 5),
  (1295, 4, 567, 'EUR', '2024-07-12', 7),
  (1296, 2, 69, 'EUR', '2024-08-01', 4),
  (1297, 4, 155, 'EUR', '2024-04-29', 7),
  (1298, 4, 56, 'EUR', '2024-06-17', 8),
  (1299, 4, -139, 'EUR', '2024-01-15', 8),
  (1300, 1, 160, 'EUR', '2024-01-09', 8),
  (1301, 4, 768, 'EUR', '2024-07-06', 1),
  (1302, 2, 659, 'EUR', '2024-08-30', 2),
  (1303, 3, 253, 'EUR', '2024-10-21', 7),
  (1304, 1, 940, 'EUR', '2023-11-27', 6),
  (1305, 4, 825, 'EUR', '2024-02-24', 5),
  (1306, 2, 93, 'EUR', '2023-12-12', 8),
  (1307, 4, 219, 'EUR', '2024-08-03', 8),
  (1308, 5, 611, 'EUR', '2024-11-13', 2),
  (1309, 1, 743, 'EUR', '2024-09-28', 7),
  (1310, 5, 926, 'EUR', '2024-03-06', 4),
  (1311, 4, 129, 'EUR', '2024-03-27', 2),
  (1312, 2, 350, 'EUR', '2024-08-03', 5),
  (1313, 2, 988, 'EUR', '2024-01-06', 5),
  (1314, 5, 58, 'EUR', '2023-11-28', 3),
  (1315, 1, -69, 'EUR', '2024-02-07', 9),
  (1316, 2, 883, 'EUR', '2024-07-07', 3),
  (1317, 4, -104, 'EUR', '2024-02-01', 2),
  (1318, 2, 229, 'EUR', '2023-12-24', 5),
  (1319, 5, -117, 'EUR', '2024-01-21', 4),
  (1320, 1, 388, 'EUR', '2024-09-13', 5),
  (1321, 1, 578, 'EUR', '2024-08-29', 3),
  (1322, 3, 733, 'EUR', '2024-09-09', 5),
  (1323, 4, 333, 'EUR', '2023-12-19', 3),
  (1324, 1, 480, 'EUR', '2024-05-14', 2),
  (1325, 2, -2, 'EUR', '2024-03-22', 3),
  (1326, 4, 376, 'EUR', '2024-09-11', 7),
  (1327, 5, 419, 'EUR', '2024-09-22', 7),
  (1328, 1, 81, 'EUR', '2024-07-29', 5),
  (1329, 1, 276, 'EUR', '2024-07-26', 3),
  (1330, 5, 656, 'EUR', '2023-12-21', 8),
  (1331, 4, -173, 'EUR', '2024-05-22', 8),
  (1332, 5, 289, 'EUR', '2024-03-23', 8),
  (1333, 1, 383, 'EUR', '2024-10-28', 7),
  (1334, 5, -187, 'EUR', '2024-02-01', 5),
  (1335, 2, -158, 'EUR', '2024-02-24', 2),
  (1336, 2, 166, 'EUR', '2024-07-22', 8),
  (1337, 5, 280, 'EUR', '2024-04-13', 4),
  (1338, 1, 291, 'EUR', '2023-11-25', 1),
  (1339, 5, 678, 'EUR', '2024-02-04', 9),
  (1340, 4, 213, 'EUR', '2024-10-13', 2),
  (1341, 3, -149, 'EUR', '2024-08-26', 5),
  (1342, 4, 278, 'EUR', '2024-05-22', 7),
  (1343, 4, 534, 'EUR', '2024-07-06', 3),
  (1344, 5, 119, 'EUR', '2024-10-04', 4),
  (1345, 1, 85, 'EUR', '2023-12-18', 2),
  (1346, 4, 679, 'EUR', '2024-05-04', 5),
  (1347, 1, 517, 'EUR', '2024-04-15', 9),
  (1348, 2, -121, 'EUR', '2024-04-04', 6),
  (1349, 4, 279, 'EUR', '2024-03-26', 9),
  (1350, 2, 944, 'EUR', '2024-06-24', 1),
  (1351, 1, 955, 'EUR', '2024-09-26', 9),
  (1352, 2, 571, 'EUR', '2024-02-23', 9),
  (1353, 2, 451, 'EUR', '2024-02-19', 8),
  (1354, 4, -118, 'EUR', '2024-03-04', 3),
  (1355, 1, 315, 'EUR', '2024-06-03', 5),
  (1356, 3, 320, 'EUR', '2023-11-26', 5),
  (1357, 4, 521, 'EUR', '2024-11-08', 7),
  (1358, 4, 754, 'EUR', '2024-09-28', 7),
  (1359, 4, 627, 'EUR', '2024-11-07', 7),
  (1360, 2, 571, 'EUR', '2024-03-16', 2),
  (1361, 2, -36, 'EUR', '2024-07-05', 4),
  (1362, 4, 229, 'EUR', '2024-04-23', 8),
  (1363, 5, -22, 'EUR', '2024-06-25', 6),
  (1364, 4, 706, 'EUR', '2024-05-24', 4),
  (1365, 3, 48, 'EUR', '2024-07-23', 9),
  (1366, 5, -21, 'EUR', '2023-12-12', 2),
  (1367, 5, 676, 'EUR', '2024-10-17', 2),
  (1368, 3, 905, 'EUR', '2024-08-08', 9),
  (1369, 5, 478, 'EUR', '2024-09-15', 5),
  (1370, 1, 632, 'EUR', '2024-11-06', 8),
  (1371, 1, 336, 'EUR', '2024-08-22', 1),
  (1372, 4, 483, 'EUR', '2024-06-23', 6),
  (1373, 3, -134, 'EUR', '2024-06-09', 1),
  (1374, 2, 876, 'EUR', '2024-07-26', 8),
  (1375, 4, -182, 'EUR', '2023-12-29', 7),
  (1376, 4, 212, 'EUR', '2024-05-08', 9),
  (1377, 5, 51, 'EUR', '2024-03-29', 8),
  (1378, 2, 808, 'EUR', '2024-01-25', 8),
  (1379, 4, 408, 'EUR', '2024-01-18', 2),
  (1380, 5, 984, 'EUR', '2024-10-28', 6),
  (1381, 1, 526, 'EUR', '2024-11-04', 9),
  (1382, 2, 715, 'EUR', '2024-09-25', 9),
  (1383, 5, -174, 'EUR', '2024-01-30', 4),
  (1384, 2, 49, 'EUR', '2024-06-25', 1),
  (1385, 1, 292, 'EUR', '2023-12-16', 6),
  (1386, 5, 496, 'EUR', '2024-03-25', 4),
  (1387, 2, -8, 'EUR', '2024-08-17', 5),
  (1388, 4, 624, 'EUR', '2024-02-11', 8),
  (1389, 4, 665, 'EUR', '2024-07-18', 4),
  (1390, 4, 936, 'EUR', '2024-09-28', 6),
  (1391, 3, 179, 'EUR', '2024-06-07', 8),
  (1392, 1, 53, 'EUR', '2024-10-19', 4),
  (1393, 3, -196, 'EUR', '2023-12-24', 1),
  (1394, 3, 704, 'EUR', '2024-11-01', 4),
  (1395, 1, 362, 'EUR', '2023-12-23', 6),
  (1396, 3, 503, 'EUR', '2024-03-04', 5),
  (1397, 3, 593, 'EUR', '2024-03-05', 1),
  (1398, 2, 880, 'EUR', '2024-03-09', 6),
  (1399, 1, 313, 'EUR', '2024-05-05', 9),
  (1400, 1, -29, 'EUR', '2024-04-04', 3),
  (1401, 4, 476, 'EUR', '2024-07-29', 1),
  (1402, 5, 878, 'EUR', '2024-02-14', 9),
  (1403, 1, 549, 'EUR', '2024-02-16', 5),
  (1404, 3, 287, 'EUR', '2024-06-03', 6),
  (1405, 1, 815, 'EUR', '2024-09-23', 6),
  (1406, 1, 158, 'EUR', '2024-09-26', 8),
  (1407, 2, 272, 'EUR', '2024-04-16', 9),
  (1408, 1, 169, 'EUR', '2024-01-07', 1),
  (1409, 4, 637, 'EUR', '2024-09-19', 6),
  (1410, 3, 221, 'EUR', '2023-12-17', 4),
  (1411, 1, 705, 'EUR', '2024-01-26', 1),
  (1412, 3, 598, 'EUR', '2024-08-24', 9),
  (1413, 5, -112, 'EUR', '2024-05-25', 5),
  (1414, 1, 236, 'EUR', '2024-10-30', 6),
  (1415, 4, -142, 'EUR', '2024-09-22', 1),
  (1416, 1, 305, 'EUR', '2023-11-28', 1),
  (1417, 5, 795, 'EUR', '2024-05-24', 8),
  (1418, 2, 466, 'EUR', '2024-11-10', 4),
  (1419, 1, 836, 'EUR', '2024-07-12', 3),
  (1420, 2, 668, 'EUR', '2024-10-06', 4),
  (1421, 1, 399, 'EUR', '2023-12-05', 3),
  (1422, 3, 125, 'EUR', '2024-04-02', 4),
  (1423, 2, 66, 'EUR', '2023-12-27', 9),
  (1424, 3, 636, 'EUR', '2024-08-18', 9),
  (1425, 5, 664, 'EUR', '2024-10-02', 5),
  (1426, 5, 208, 'EUR', '2024-09-11', 3),
  (1427, 4, 110, 'EUR', '2024-09-25', 4),
  (1428, 2, 91, 'EUR', '2023-12-31', 4),
  (1429, 2, 809, 'EUR', '2024-01-09', 8),
  (1430, 2, 632, 'EUR', '2024-05-07', 7),
  (1431, 5, 596, 'EUR', '2024-01-10', 1),
  (1432, 5, 572, 'EUR', '2024-05-02', 4),
  (1433, 4, 556, 'EUR', '2024-05-26', 4),
  (1434, 2, 83, 'EUR', '2023-12-09', 5),
  (1435, 4, -1, 'EUR', '2024-11-08', 3),
  (1436, 3, 402, 'EUR', '2024-06-15', 4),
  (1437, 4, 379, 'EUR', '2023-12-01', 8),
  (1438, 2, -35, 'EUR', '2024-06-18', 1),
  (1439, 3, 99, 'EUR', '2024-10-03', 2),
  (1440, 2, 481, 'EUR', '2024-01-06', 4),
  (1441, 2, 846, 'EUR', '2023-12-13', 7),
  (1442, 4, 530, 'EUR', '2024-04-23', 2),
  (1443, 3, -76, 'EUR', '2024-08-09', 4),
  (1444, 2, 794, 'EUR', '2024-05-31', 6),
  (1445, 1, 107, 'EUR', '2024-07-11', 6),
  (1446, 2, 219, 'EUR', '2023-12-16', 4),
  (1447, 4, 106, 'EUR', '2024-05-02', 8),
  (1448, 5, 539, 'EUR', '2024-01-13', 6),
  (1449, 5, -86, 'EUR', '2024-03-05', 5),
  (1450, 5, 434, 'EUR', '2024-05-01', 7),
  (1451, 4, 10, 'EUR', '2024-07-14', 7),
  (1452, 1, 490, 'EUR', '2024-04-16', 2),
  (1453, 3, -59, 'EUR', '2024-04-19', 9),
  (1454, 1, 342, 'EUR', '2024-02-07', 2),
  (1455, 3, 730, 'EUR', '2024-06-23', 8),
  (1456, 3, 949, 'EUR', '2024-07-31', 1),
  (1457, 2, 152, 'EUR', '2024-10-18', 2),
  (1458, 2, 171, 'EUR', '2024-06-03', 2),
  (1459, 4, 853, 'EUR', '2024-06-14', 8),
  (1460, 3, 544, 'EUR', '2023-12-04', 9),
  (1461, 2, 371, 'EUR', '2024-05-12', 9),
  (1462, 1, 818, 'EUR', '2024-09-25', 7),
  (1463, 2, 600, 'EUR', '2024-09-28', 7),
  (1464, 4, 514, 'EUR', '2024-02-10', 6),
  (1465, 4, 280, 'EUR', '2023-12-23', 7),
  (1466, 1, 444, 'EUR', '2024-04-10', 2),
  (1467, 3, 939, 'EUR', '2024-11-14', 9),
  (1468, 1, 612, 'EUR', '2024-02-08', 7),
  (1469, 2, 658, 'EUR', '2024-10-25', 3),
  (1470, 3, 213, 'EUR', '2024-09-03', 4),
  (1471, 3, 366, 'EUR', '2024-06-17', 7),
  (1472, 4, -65, 'EUR', '2024-03-05', 2),
  (1473, 1, 884, 'EUR', '2024-10-24', 7),
  (1474, 3, 480, 'EUR', '2024-10-17', 2),
  (1475, 2, 651, 'EUR', '2024-08-01', 4),
  (1476, 1, 188, 'EUR', '2024-09-23', 2),
  (1477, 5, 352, 'EUR', '2024-03-02', 7),
  (1478, 3, 178, 'EUR', '2024-04-05', 2),
  (1479, 4, 509, 'EUR', '2024-04-16', 4),
  (1480, 3, 51, 'EUR', '2024-05-15', 4),
  (1481, 3, 619, 'EUR', '2024-10-26', 8),
  (1482, 3, 630, 'EUR', '2024-03-07', 4),
  (1483, 1, 168, 'EUR', '2024-03-23', 6),
  (1484, 5, 25, 'EUR', '2024-04-10', 2),
  (1485, 4, 279, 'EUR', '2024-07-23', 2),
  (1486, 2, 782, 'EUR', '2024-02-18', 4),
  (1487, 5, -37, 'EUR', '2024-02-07', 2),
  (1488, 1, 852, 'EUR', '2024-07-21', 1),
  (1489, 5, 524, 'EUR', '2024-10-08', 9),
  (1490, 4, 565, 'EUR', '2024-04-26', 5),
  (1491, 3, 373, 'EUR', '2024-10-10', 5),
  (1492, 5, 17, 'EUR', '2024-05-20', 7),
  (1493, 4, 363, 'EUR', '2024-04-11', 7),
  (1494, 1, 858, 'EUR', '2024-01-26', 9),
  (1495, 1, 551, 'EUR', '2024-03-21', 7),
  (1496, 5, 844, 'EUR', '2024-06-20', 7),
  (1497, 5, -117, 'EUR', '2024-01-20', 2),
  (1498, 4, 754, 'EUR', '2023-12-13', 4),
  (1499, 1, 228, 'EUR', '2024-01-23', 7),
  (1500, 3, 107, 'EUR', '2024-01-28', 2);

-- --------------------------------------------------------

--
-- Structure de la table `suppression`
--

CREATE TABLE `suppression` (
   `numClient` int(11) NOT NULL,
   `dateDemande` date NOT NULL,
   `justificatif` text NOT NULL
) ENGINE=InnoDB DEFAULT CHARSET=utf8mb4 COLLATE=utf8mb4_general_ci;

-- --------------------------------------------------------

--
-- Structure de la table `transaction`
--

CREATE TABLE `transaction` (
   `numTransaction` int(11) NOT NULL,
   `montant` int(11) NOT NULL,
   `devise` char(3) NOT NULL,
   `numCarte` char(16) NOT NULL,
   `numAutorisation` char(6) DEFAULT NULL,
   `reseau` char(5) NOT NULL,
   `numRemise` int(11) NOT NULL
) ENGINE=InnoDB DEFAULT CHARSET=utf8 COLLATE=utf8_general_ci;

--
-- Déchargement des données de la table `transaction`
--

INSERT INTO `transaction` (`numTransaction`, `montant`, `devise`, `numCarte`, `numAutorisation`, `reseau`, `numRemise`) VALUES
(1, 420, 'EUR', '5562********4061', '1', 'MC', 695),
(2, 492, 'EUR', '2529********8627', '1', 'MC', 1343),
(3, 993, 'EUR', '4595********7456', '1', 'VISA', 1318),
(4, 124, 'EUR', '4035********5652', '1', 'VISA', 516),
(5, 519, 'EUR', '8042********3102', '1', 'AE', 1049),
(6, 301, 'EUR', '6139********3978', '1', 'MC', 631),
(7, 968, 'EUR', '2727********1525', '1', 'AE', 1312),
(8, 797, 'EUR', '7873********7772', '1', 'AE', 781),
(9, 484, 'EUR', '2619********7721', '1', 'VISA', 1197),
(10, 139, 'EUR', '6104********9726', '1', 'AE', 326),
(11, 236, 'EUR', '7442********7667', '1', 'AE', 1378),
(12, 579, 'EUR', '9079********9160', '1', 'VISA', 370),
(13, 334, 'EUR', '3966********1051', '1', 'MC', 489),
(14, 86, 'EUR', '6042********2257', '1', 'MC', 12),
(15, -97, 'EUR', '5115********6504', '1', 'VISA', 438),
(16, -209, 'EUR', '9139********4227', '1', 'VISA', 919),
(17, 962, 'EUR', '3126********4598', '1', 'VISA', 455),
(18, 454, 'EUR', '3304********5430', '1', 'VISA', 1004),
(19, 656, 'EUR', '7064********6628', '1', 'MC', 1458),
(20, 606, 'EUR', '9005********1639', '1', 'VISA', 807),
(21, -316, 'EUR', '1951********3438', '1', 'VISA', 244),
(22, -483, 'EUR', '5664********6257', '1', 'MC', 1433),
(23, 414, 'EUR', '4385********2845', '1', 'AE', 1102),
(24, -448, 'EUR', '4797********5583', '1', 'VISA', 343),
(25, 797, 'EUR', '1229********5947', '1', 'MC', 642),
(26, 351, 'EUR', '8520********7280', '1', 'MC', 37),
(27, 635, 'EUR', '5011********9893', '1', 'MC', 55),
(28, 847, 'EUR', '6716********5062', '1', 'VISA', 1029),
(29, 966, 'EUR', '5218********9461', '1', 'VISA', 811),
(30, -189, 'EUR', '7301********3477', '1', 'MC', 450),
(31, -104, 'EUR', '8478********6480', '1', 'VISA', 86),
(32, 858, 'EUR', '2096********7918', '1', 'VISA', 1083),
(33, -400, 'EUR', '7597********8771', '1', 'MC', 111),
(34, 561, 'EUR', '5462********4228', '1', 'MC', 98),
(35, 445, 'EUR', '5356********8798', '1', 'MC', 390),
(36, 723, 'EUR', '9495********3624', '1', 'VISA', 1215),
(37, 473, 'EUR', '4689********7713', '1', 'MC', 1367),
(38, 572, 'EUR', '8832********9484', '1', 'MC', 1194),
(39, 192, 'EUR', '3734********8275', '1', 'VISA', 1455),
(40, 347, 'EUR', '7281********2894', '1', 'AE', 1478),
(41, 45, 'EUR', '7605********9998', '1', 'MC', 42),
(42, 361, 'EUR', '8943********9053', '1', 'AE', 313),
(43, 592, 'EUR', '8546********2280', '1', 'AE', 38),
(44, 656, 'EUR', '8798********5302', '1', 'AE', 69),
(45, -298, 'EUR', '1915********5988', '1', 'AE', 538),
(46, 708, 'EUR', '3386********3486', '1', 'AE', 1324),
(47, 382, 'EUR', '8189********8727', '1', 'MC', 942),
(48, -451, 'EUR', '5559********8935', '1', 'MC', 127),
(49, -364, 'EUR', '9435********4322', '1', 'AE', 886),
(50, -119, 'EUR', '5081********2658', '1', 'AE', 645),
(51, 985, 'EUR', '7940********3720', '1', 'VISA', 515),
(52, 411, 'EUR', '2025********5022', '1', 'MC', 1250),
(53, -296, 'EUR', '3781********9031', '1', 'AE', 345),
(54, -65, 'EUR', '4688********6618', '1', 'MC', 472),
(55, 623, 'EUR', '2539********4998', '1', 'AE', 1025),
(56, -275, 'EUR', '5380********8927', '1', 'MC', 765),
(57, 490, 'EUR', '1043********1709', '1', 'MC', 1056),
(58, 94, 'EUR', '4969********1305', '1', 'MC', 797),
(59, -486, 'EUR', '1259********3168', '1', 'AE', 665),
(60, 255, 'EUR', '2955********2009', '1', 'VISA', 473),
(61, -439, 'EUR', '1967********1773', '1', 'MC', 501),
(62, 980, 'EUR', '4972********3955', '1', 'MC', 491),
(63, -158, 'EUR', '1446********2571', '1', 'AE', 1257),
(64, 103, 'EUR', '1730********8788', '1', 'MC', 980),
(65, -24, 'EUR', '1337********4636', '1', 'MC', 1218),
(66, 744, 'EUR', '2278********8107', '1', 'AE', 1363),
(67, -401, 'EUR', '2316********2832', '1', 'MC', 918),
(68, 576, 'EUR', '5012********2804', '1', 'AE', 673),
(69, -96, 'EUR', '7723********8019', '1', 'MC', 159),
(70, 67, 'EUR', '1404********5951', '1', 'MC', 1142),
(71, 68, 'EUR', '2290********7564', '1', 'AE', 1093),
(72, -31, 'EUR', '1195********7620', '1', 'AE', 335),
(73, 471, 'EUR', '4176********8251', '1', 'MC', 558),
(74, 307, 'EUR', '4143********5342', '1', 'VISA', 988),
(75, -184, 'EUR', '8522********7294', '1', 'MC', 770),
(76, 705, 'EUR', '9231********1907', '1', 'VISA', 1297),
(77, -241, 'EUR', '8730********6886', '1', 'MC', 472),
(78, -410, 'EUR', '8513********1214', '1', 'VISA', 1214),
(79, 739, 'EUR', '4852********8755', '1', 'AE', 890),
(80, 715, 'EUR', '9319********9240', '1', 'AE', 1481),
(81, -198, 'EUR', '3639********6456', '1', 'MC', 1109),
(82, 760, 'EUR', '9536********4409', '1', 'AE', 1418),
(83, -446, 'EUR', '8250********2789', '1', 'VISA', 197),
(84, 22, 'EUR', '1558********1763', '1', 'AE', 204),
(85, 938, 'EUR', '2839********6858', '1', 'MC', 902),
(86, 93, 'EUR', '7982********6036', '1', 'AE', 116),
(87, 902, 'EUR', '9142********9847', '1', 'MC', 1353),
(88, 909, 'EUR', '2970********6890', '1', 'MC', 368),
(89, -347, 'EUR', '2960********4071', '1', 'MC', 1384),
(90, 575, 'EUR', '2837********1215', '1', 'AE', 678),
(91, -325, 'EUR', '1581********4052', '1', 'VISA', 267),
(92, 658, 'EUR', '2071********6576', '1', 'MC', 1018),
(93, -273, 'EUR', '6398********2692', '1', 'VISA', 35),
(94, 780, 'EUR', '5083********4086', '1', 'VISA', 1189),
(95, 729, 'EUR', '4315********3410', '1', 'AE', 696),
(96, 957, 'EUR', '9078********8938', '1', 'VISA', 1256),
(97, -231, 'EUR', '5887********4170', '1', 'AE', 1164),
(98, -302, 'EUR', '3296********9432', '1', 'AE', 795),
(99, 28, 'EUR', '7947********2725', '1', 'MC', 600),
(100, 301, 'EUR', '5687********5418', '1', 'MC', 393),
(101, 968, 'EUR', '2802********4424', '1', 'AE', 821),
(102, -492, 'EUR', '1766********7362', '1', 'AE', 1379),
(103, 980, 'EUR', '9271********5103', '1', 'MC', 788),
(104, 560, 'EUR', '2056********2539', '1', 'MC', 45),
(105, 120, 'EUR', '2049********4816', '1', 'AE', 569),
(106, 315, 'EUR', '7392********1675', '1', 'AE', 728),
(107, 288, 'EUR', '8050********6961', '1', 'AE', 424),
(108, -46, 'EUR', '8121********6292', '1', 'MC', 261),
(109, 120, 'EUR', '4403********5982', '1', 'VISA', 1418),
(110, 459, 'EUR', '1196********1985', '1', 'AE', 1210),
(111, 169, 'EUR', '8020********4454', '1', 'VISA', 297),
(112, -196, 'EUR', '9317********5225', '1', 'VISA', 202),
(113, 839, 'EUR', '1445********7862', '1', 'VISA', 1114),
(114, -359, 'EUR', '2497********3503', '1', 'VISA', 316),
(115, 920, 'EUR', '4185********3515', '1', 'MC', 254),
(116, -487, 'EUR', '1028********9332', '1', 'MC', 456),
(117, 163, 'EUR', '6373********5852', '1', 'AE', 74),
(118, 946, 'EUR', '8928********9490', '1', 'VISA', 1402),
(119, 424, 'EUR', '3395********8649', '1', 'AE', 1311),
(120, -41, 'EUR', '4340********7302', '1', 'MC', 328),
(121, 689, 'EUR', '2041********9402', '1', 'AE', 638),
(122, 174, 'EUR', '6550********4702', '1', 'AE', 23),
(123, 103, 'EUR', '1458********1499', '1', 'VISA', 42),
(124, -297, 'EUR', '5810********9460', '1', 'AE', 851),
(125, 592, 'EUR', '1755********2318', '1', 'AE', 1102),
(126, 169, 'EUR', '2707********5658', '1', 'AE', 432),
(127, 115, 'EUR', '5736********3206', '1', 'AE', 590),
(128, 66, 'EUR', '6173********7468', '1', 'VISA', 15),
(129, 427, 'EUR', '4036********6880', '1', 'AE', 669),
(130, 61, 'EUR', '5019********3529', '1', 'AE', 926),
(131, 418, 'EUR', '2767********3097', '1', 'VISA', 714),
(132, 656, 'EUR', '7442********4975', '1', 'AE', 1329),
(133, 522, 'EUR', '7104********2159', '1', 'AE', 1041),
(134, -295, 'EUR', '3257********7867', '1', 'VISA', 1377),
(135, 712, 'EUR', '7803********8226', '1', 'AE', 900),
(136, 768, 'EUR', '2029********3739', '1', 'VISA', 471),
(137, 141, 'EUR', '3112********6686', '1', 'AE', 1166),
(138, 683, 'EUR', '7665********6852', '1', 'VISA', 1464),
(139, -260, 'EUR', '5430********3745', '1', 'AE', 862),
(140, -270, 'EUR', '8447********4825', '1', 'VISA', 688),
(141, -161, 'EUR', '8653********1482', '1', 'AE', 1081),
(142, 322, 'EUR', '7761********6043', '1', 'AE', 177),
(143, 594, 'EUR', '1916********1432', '1', 'AE', 850),
(144, -381, 'EUR', '4038********4872', '1', 'VISA', 879),
(145, 283, 'EUR', '8617********7753', '1', 'VISA', 563),
(146, 125, 'EUR', '9289********9566', '1', 'AE', 184),
(147, 330, 'EUR', '5923********7091', '1', 'VISA', 1094),
(148, 919, 'EUR', '7393********2085', '1', 'AE', 30),
(149, -197, 'EUR', '5343********3889', '1', 'MC', 964),
(150, 874, 'EUR', '8471********8913', '1', 'VISA', 20),
(151, 540, 'EUR', '7750********5002', '1', 'AE', 310),
(152, 836, 'EUR', '6759********8904', '1', 'MC', 1242),
(153, 81, 'EUR', '2626********3476', '1', 'MC', 1145),
(154, -470, 'EUR', '3434********1709', '1', 'MC', 1405),
(155, -85, 'EUR', '6668********1967', '1', 'MC', 117),
(156, 363, 'EUR', '2831********7859', '1', 'VISA', 1417),
(157, -33, 'EUR', '1673********5671', '1', 'AE', 1311),
(158, 75, 'EUR', '2571********8217', '1', 'VISA', 1100),
(159, 581, 'EUR', '2982********7862', '1', 'AE', 1269),
(160, -137, 'EUR', '8300********1220', '1', 'VISA', 255),
(161, 286, 'EUR', '2522********7264', '1', 'MC', 563),
(162, 277, 'EUR', '8692********6588', '1', 'AE', 1354),
(163, 523, 'EUR', '3486********4362', '1', 'VISA', 604),
(164, 507, 'EUR', '1062********1386', '1', 'AE', 423),
(165, -309, 'EUR', '2079********6057', '1', 'VISA', 267),
(166, 638, 'EUR', '3874********6351', '1', 'VISA', 684),
(167, -91, 'EUR', '9570********1552', '1', 'AE', 955),
(168, -465, 'EUR', '3624********2489', '1', 'MC', 815),
(169, -483, 'EUR', '9695********6629', '1', 'VISA', 584),
(170, -189, 'EUR', '6628********2266', '1', 'AE', 1183),
(171, -368, 'EUR', '9173********8374', '1', 'MC', 109),
(172, 306, 'EUR', '6268********8211', '1', 'MC', 1274),
(173, 490, 'EUR', '3688********6158', '1', 'MC', 976),
(174, -13, 'EUR', '9164********2966', '1', 'AE', 112),
(175, -341, 'EUR', '6505********1519', '1', 'VISA', 870),
(176, 413, 'EUR', '4988********3002', '1', 'AE', 739),
(177, -416, 'EUR', '6041********7181', '1', 'VISA', 1337),
(178, -288, 'EUR', '4195********7557', '1', 'AE', 832),
(179, -494, 'EUR', '9655********8773', '1', 'VISA', 592),
(180, 460, 'EUR', '9294********5387', '1', 'MC', 671),
(181, 126, 'EUR', '4851********3259', '1', 'VISA', 941),
(182, 596, 'EUR', '9766********9598', '1', 'VISA', 699),
(183, 431, 'EUR', '3998********8860', '1', 'AE', 1417),
(184, 244, 'EUR', '2449********1076', '1', 'AE', 14),
(185, -498, 'EUR', '3659********1701', '1', 'AE', 1463),
(186, 638, 'EUR', '5356********3055', '1', 'VISA', 133),
(187, 414, 'EUR', '2443********7426', '1', 'AE', 1162),
(188, -324, 'EUR', '4996********2318', '1', 'AE', 1439),
(189, 157, 'EUR', '5043********7500', '1', 'MC', 1360),
(190, -493, 'EUR', '3342********4747', '1', 'AE', 475),
(191, 868, 'EUR', '4759********5057', '1', 'VISA', 68),
(192, -83, 'EUR', '7437********6958', '1', 'VISA', 627),
(193, -103, 'EUR', '9119********3667', '1', 'VISA', 817),
(194, 361, 'EUR', '7056********5626', '1', 'MC', 539),
(195, -382, 'EUR', '1131********6046', '1', 'VISA', 228),
(196, 336, 'EUR', '7185********4838', '1', 'MC', 884),
(197, 631, 'EUR', '7120********7442', '1', 'MC', 512),
(198, -103, 'EUR', '6522********6764', '1', 'MC', 1440),
(199, -391, 'EUR', '7410********6014', '1', 'VISA', 134),
(200, -101, 'EUR', '5849********4864', '1', 'AE', 581),
(201, -106, 'EUR', '3409********3704', '1', 'VISA', 538),
(202, 499, 'EUR', '6329********9480', '1', 'AE', 470),
(203, -242, 'EUR', '9472********7548', '1', 'MC', 544),
(204, 873, 'EUR', '6827********7352', '1', 'AE', 726),
(205, 694, 'EUR', '4420********4394', '1', 'VISA', 25),
(206, 98, 'EUR', '8312********3313', '1', 'AE', 62),
(207, 865, 'EUR', '4276********8480', '1', 'VISA', 415),
(208, 626, 'EUR', '3055********5292', '1', 'AE', 1262),
(209, 929, 'EUR', '3294********2271', '1', 'AE', 689),
(210, -431, 'EUR', '6287********1239', '1', 'AE', 390),
(211, 756, 'EUR', '1642********3119', '1', 'AE', 1237),
(212, 77, 'EUR', '3019********5571', '1', 'MC', 385),
(213, 176, 'EUR', '4019********3295', '1', 'AE', 1312),
(214, 444, 'EUR', '3474********7455', '1', 'MC', 1423),
(215, 320, 'EUR', '7413********6875', '1', 'VISA', 749),
(216, -447, 'EUR', '5042********5717', '1', 'VISA', 674),
(217, 483, 'EUR', '7216********6478', '1', 'AE', 203),
(218, 732, 'EUR', '8641********2420', '1', 'AE', 236),
(219, 802, 'EUR', '5235********9831', '1', 'VISA', 1398),
(220, 656, 'EUR', '9283********1219', '1', 'AE', 308),
(221, -284, 'EUR', '6889********9977', '1', 'MC', 849),
(222, -42, 'EUR', '1083********3797', '1', 'VISA', 764),
(223, 444, 'EUR', '4994********4554', '1', 'MC', 1223),
(224, 345, 'EUR', '4501********3114', '1', 'MC', 569),
(225, 1, 'EUR', '6151********9547', '1', 'VISA', 417),
(226, 331, 'EUR', '6658********8027', '1', 'AE', 673),
(227, -280, 'EUR', '6354********7949', '1', 'MC', 1240),
(228, -41, 'EUR', '9883********9520', '1', 'AE', 1024),
(229, -70, 'EUR', '5169********5746', '1', 'VISA', 1187),
(230, -249, 'EUR', '3533********1410', '1', 'VISA', 936),
(231, 750, 'EUR', '6965********4627', '1', 'VISA', 772),
(232, -459, 'EUR', '1167********6652', '1', 'AE', 819),
(233, 84, 'EUR', '4041********2332', '1', 'AE', 907),
(234, 710, 'EUR', '7184********7598', '1', 'AE', 1473),
(235, 864, 'EUR', '4423********4354', '1', 'MC', 369),
(236, 210, 'EUR', '5191********4278', '1', 'VISA', 164),
(237, 503, 'EUR', '7814********6377', '1', 'VISA', 623),
(238, -185, 'EUR', '2633********2070', '1', 'MC', 1120),
(239, 677, 'EUR', '6639********5763', '1', 'VISA', 971),
(240, 510, 'EUR', '2316********4349', '1', 'VISA', 832),
(241, 82, 'EUR', '7277********3898', '1', 'VISA', 1108),
(242, 447, 'EUR', '6493********6212', '1', 'MC', 1033),
(243, 695, 'EUR', '7596********4402', '1', 'MC', 883),
(244, -421, 'EUR', '6675********1721', '1', 'MC', 1494),
(245, -402, 'EUR', '8241********9549', '1', 'AE', 666),
(246, 406, 'EUR', '7120********8404', '1', 'MC', 577),
(247, 729, 'EUR', '1675********7535', '1', 'AE', 441),
(248, 331, 'EUR', '1911********9247', '1', 'MC', 1144),
(249, 976, 'EUR', '9299********2228', '1', 'MC', 90),
(250, 862, 'EUR', '2780********4942', '1', 'MC', 183),
(251, 348, 'EUR', '6335********1071', '1', 'AE', 595),
(252, 971, 'EUR', '1657********3334', '1', 'VISA', 368),
(253, 746, 'EUR', '9221********2141', '1', 'VISA', 429),
(254, 954, 'EUR', '1159********9713', '1', 'MC', 655),
(255, -77, 'EUR', '7492********2020', '1', 'MC', 919),
(256, -274, 'EUR', '9899********6845', '1', 'VISA', 1167),
(257, 140, 'EUR', '9254********8193', '1', 'AE', 250),
(258, 648, 'EUR', '6173********1079', '1', 'MC', 421),
(259, 115, 'EUR', '2007********8986', '1', 'AE', 1214),
(260, 726, 'EUR', '1174********6162', '1', 'VISA', 288),
(261, 631, 'EUR', '9174********7301', '1', 'VISA', 1311),
(262, 479, 'EUR', '9221********1053', '1', 'AE', 714),
(263, -202, 'EUR', '6499********1241', '1', 'AE', 359),
(264, 204, 'EUR', '4277********3664', '1', 'MC', 1473),
(265, -450, 'EUR', '7890********9751', '1', 'VISA', 1396),
(266, -182, 'EUR', '5395********6499', '1', 'AE', 121),
(267, 852, 'EUR', '6941********4635', '1', 'VISA', 307),
(268, 857, 'EUR', '1767********8760', '1', 'MC', 1054),
(269, 284, 'EUR', '6753********1986', '1', 'MC', 890),
(270, -250, 'EUR', '5250********6587', '1', 'AE', 221),
(271, 252, 'EUR', '3990********6384', '1', 'AE', 156),
(272, -234, 'EUR', '5134********1810', '1', 'MC', 1115),
(273, 281, 'EUR', '2205********8745', '1', 'MC', 1246),
(274, 411, 'EUR', '7593********1124', '1', 'AE', 809),
(275, 345, 'EUR', '4805********3296', '1', 'AE', 604),
(276, 957, 'EUR', '1056********1153', '1', 'MC', 1161),
(277, 776, 'EUR', '8394********2109', '1', 'AE', 927),
(278, -3, 'EUR', '9553********2403', '1', 'AE', 254),
(279, 181, 'EUR', '5698********5374', '1', 'AE', 1090),
(280, 677, 'EUR', '4662********8753', '1', 'VISA', 1339),
(281, 877, 'EUR', '7650********5310', '1', 'MC', 1376),
(282, 75, 'EUR', '8379********9879', '1', 'VISA', 558),
(283, 294, 'EUR', '6250********8982', '1', 'AE', 1422),
(284, 261, 'EUR', '9833********8476', '1', 'MC', 897),
(285, 534, 'EUR', '8580********9609', '1', 'AE', 1158),
(286, -345, 'EUR', '5144********3200', '1', 'AE', 252),
(287, 1, 'EUR', '8631********2425', '1', 'AE', 124),
(288, 447, 'EUR', '4784********2567', '1', 'VISA', 73),
(289, 331, 'EUR', '9725********2668', '1', 'MC', 1014),
(290, -290, 'EUR', '6957********8213', '1', 'VISA', 442),
(291, 749, 'EUR', '2204********5431', '1', 'VISA', 604),
(292, 669, 'EUR', '7176********1140', '1', 'VISA', 1462),
(293, -409, 'EUR', '8865********9370', '1', 'VISA', 414),
(294, -193, 'EUR', '2419********4230', '1', 'VISA', 472),
(295, -42, 'EUR', '1443********6807', '1', 'AE', 1391),
(296, 161, 'EUR', '8548********2340', '1', 'VISA', 1224),
(297, -485, 'EUR', '1459********7869', '1', 'MC', 70),
(298, 395, 'EUR', '7206********1133', '1', 'AE', 159),
(299, 28, 'EUR', '1500********8072', '1', 'MC', 1443),
(300, 413, 'EUR', '7949********4796', '1', 'MC', 1156),
(301, 372, 'EUR', '4975********4396', '1', 'MC', 22),
(302, 387, 'EUR', '9045********9646', '1', 'VISA', 953),
(303, 500, 'EUR', '4428********6344', '1', 'VISA', 655),
(304, -363, 'EUR', '5691********4874', '1', 'AE', 92),
(305, 22, 'EUR', '2312********3890', '1', 'AE', 1127),
(306, -30, 'EUR', '8651********6931', '1', 'AE', 1386),
(307, 637, 'EUR', '2452********5702', '1', 'AE', 790),
(308, -296, 'EUR', '3534********2364', '1', 'VISA', 1295),
(309, 946, 'EUR', '9249********6814', '1', 'VISA', 628),
(310, -402, 'EUR', '4819********3196', '1', 'MC', 1003),
(311, 959, 'EUR', '3344********3416', '1', 'AE', 816),
(312, 219, 'EUR', '4640********8746', '1', 'MC', 1469),
(313, 720, 'EUR', '8569********8067', '1', 'VISA', 930),
(314, 624, 'EUR', '6429********2987', '1', 'VISA', 897),
(315, 504, 'EUR', '1223********6991', '1', 'MC', 1045),
(316, 880, 'EUR', '5276********7580', '1', 'MC', 970),
(317, -438, 'EUR', '6186********2590', '1', 'MC', 1243),
(318, -319, 'EUR', '8261********8016', '1', 'MC', 1110),
(319, 789, 'EUR', '6930********1246', '1', 'MC', 1314),
(320, 34, 'EUR', '7427********1112', '1', 'MC', 435),
(321, 377, 'EUR', '6268********2730', '1', 'MC', 739),
(322, 992, 'EUR', '2764********2615', '1', 'AE', 241),
(323, -28, 'EUR', '5099********8006', '1', 'AE', 1113),
(324, 173, 'EUR', '3905********7640', '1', 'AE', 905),
(325, -330, 'EUR', '8941********8675', '1', 'AE', 474),
(326, 770, 'EUR', '8142********2945', '1', 'VISA', 1098),
(327, -348, 'EUR', '8638********8625', '1', 'AE', 524),
(328, -359, 'EUR', '1733********4940', '1', 'VISA', 721),
(329, 364, 'EUR', '4450********9064', '1', 'MC', 760),
(330, 963, 'EUR', '1098********1556', '1', 'VISA', 462),
(331, 601, 'EUR', '3448********6168', '1', 'MC', 110),
(332, 784, 'EUR', '1600********5429', '1', 'AE', 866),
(333, 22, 'EUR', '2420********4957', '1', 'AE', 1092),
(334, 475, 'EUR', '9453********8123', '1', 'AE', 1253),
(335, 660, 'EUR', '7439********4916', '1', 'VISA', 102),
(336, 737, 'EUR', '1011********9872', '1', 'MC', 49),
(337, -139, 'EUR', '6027********5325', '1', 'VISA', 1347),
(338, 667, 'EUR', '1693********3338', '1', 'MC', 813),
(339, 715, 'EUR', '8367********5458', '1', 'AE', 1074),
(340, -298, 'EUR', '5796********6168', '1', 'MC', 1073),
(341, -48, 'EUR', '1104********2393', '1', 'AE', 554),
(342, -330, 'EUR', '5370********7885', '1', 'MC', 1106),
(343, 699, 'EUR', '2351********4607', '1', 'VISA', 1437),
(344, -1, 'EUR', '2046********8419', '1', 'AE', 219),
(345, 445, 'EUR', '6703********5309', '1', 'MC', 1211),
(346, -1, 'EUR', '2606********3588', '1', 'VISA', 48),
(347, -432, 'EUR', '9372********8600', '1', 'AE', 418),
(348, 645, 'EUR', '2508********9645', '1', 'VISA', 455),
(349, 220, 'EUR', '7336********9132', '1', 'VISA', 609),
(350, 333, 'EUR', '5932********2570', '1', 'VISA', 1035),
(351, 322, 'EUR', '1418********3969', '1', 'VISA', 1004),
(352, 438, 'EUR', '4145********6159', '1', 'MC', 1459),
(353, 187, 'EUR', '7105********7501', '1', 'VISA', 1408),
(354, 704, 'EUR', '6169********8964', '1', 'MC', 543),
(355, -126, 'EUR', '4199********5278', '1', 'VISA', 149),
(356, 171, 'EUR', '5673********8065', '1', 'MC', 1033),
(357, -273, 'EUR', '6366********2889', '1', 'VISA', 166),
(358, 419, 'EUR', '1445********6659', '1', 'MC', 357),
(359, 394, 'EUR', '2348********6492', '1', 'AE', 178),
(360, 496, 'EUR', '4758********4172', '1', 'VISA', 1121),
(361, -94, 'EUR', '2297********3136', '1', 'VISA', 1395),
(362, -309, 'EUR', '9141********6831', '1', 'VISA', 674),
(363, 976, 'EUR', '4478********7071', '1', 'AE', 854),
(364, 521, 'EUR', '1142********6358', '1', 'MC', 1188),
(365, 779, 'EUR', '7009********2450', '1', 'VISA', 482),
(366, 850, 'EUR', '1035********4113', '1', 'MC', 922),
(367, 774, 'EUR', '2300********2097', '1', 'MC', 355),
(368, 957, 'EUR', '6629********2167', '1', 'VISA', 983),
(369, 607, 'EUR', '1779********4909', '1', 'VISA', 949),
(370, 806, 'EUR', '8984********5867', '1', 'AE', 140),
(371, -57, 'EUR', '4447********8869', '1', 'VISA', 98),
(372, 154, 'EUR', '8384********3984', '1', 'MC', 899),
(373, -166, 'EUR', '1788********2489', '1', 'MC', 115),
(374, 454, 'EUR', '4582********9032', '1', 'VISA', 758),
(375, -328, 'EUR', '1016********8252', '1', 'AE', 1246),
(376, -460, 'EUR', '1719********3210', '1', 'AE', 198),
(377, 601, 'EUR', '1879********1618', '1', 'VISA', 18),
(378, 383, 'EUR', '5221********6709', '1', 'VISA', 1500),
(379, 489, 'EUR', '7657********5381', '1', 'VISA', 1142),
(380, 462, 'EUR', '8325********9025', '1', 'VISA', 879),
(381, -454, 'EUR', '6428********3824', '1', 'MC', 187),
(382, 721, 'EUR', '6491********5597', '1', 'VISA', 536),
(383, -372, 'EUR', '6661********4238', '1', 'MC', 1481),
(384, 357, 'EUR', '3037********1255', '1', 'MC', 983),
(385, 308, 'EUR', '8942********2967', '1', 'VISA', 690),
(386, -454, 'EUR', '1293********2529', '1', 'AE', 1400),
(387, 463, 'EUR', '7924********5853', '1', 'MC', 273),
(388, 743, 'EUR', '5993********3789', '1', 'MC', 1237),
(389, -90, 'EUR', '9842********9710', '1', 'VISA', 1112),
(390, 893, 'EUR', '7982********5482', '1', 'VISA', 1069),
(391, 792, 'EUR', '7689********3278', '1', 'MC', 312),
(392, 332, 'EUR', '8010********8441', '1', 'MC', 27),
(393, -33, 'EUR', '8673********2698', '1', 'AE', 1120),
(394, -340, 'EUR', '4793********7427', '1', 'VISA', 499),
(395, -13, 'EUR', '3543********6023', '1', 'VISA', 718),
(396, -175, 'EUR', '7324********4603', '1', 'VISA', 518),
(397, -301, 'EUR', '6043********9361', '1', 'MC', 707),
(398, 342, 'EUR', '9055********5024', '1', 'AE', 1042),
(399, 235, 'EUR', '5952********1082', '1', 'VISA', 564),
(400, 236, 'EUR', '2464********8244', '1', 'AE', 216),
(401, 830, 'EUR', '9687********6594', '1', 'MC', 1334),
(402, 111, 'EUR', '3374********9948', '1', 'VISA', 780),
(403, -249, 'EUR', '2078********3606', '1', 'AE', 1119),
(404, 312, 'EUR', '1002********5919', '1', 'AE', 811),
(405, -348, 'EUR', '5177********5133', '1', 'VISA', 134),
(406, -159, 'EUR', '4446********5204', '1', 'AE', 1167),
(407, -200, 'EUR', '8036********5569', '1', 'VISA', 1058),
(408, 123, 'EUR', '4733********6330', '1', 'AE', 942),
(409, -255, 'EUR', '3788********1785', '1', 'MC', 376),
(410, -40, 'EUR', '6681********9939', '1', 'MC', 1285),
(411, 487, 'EUR', '8988********4823', '1', 'VISA', 704),
(412, -90, 'EUR', '8652********6069', '1', 'MC', 978),
(413, -166, 'EUR', '9455********3768', '1', 'VISA', 599),
(414, -309, 'EUR', '2650********6475', '1', 'MC', 1419),
(415, 498, 'EUR', '4299********9818', '1', 'MC', 558),
(416, 44, 'EUR', '6131********1214', '1', 'VISA', 440),
(417, 383, 'EUR', '3780********8536', '1', 'VISA', 730),
(418, 792, 'EUR', '7960********5242', '1', 'MC', 494),
(419, -173, 'EUR', '8559********2534', '1', 'AE', 1494),
(420, 152, 'EUR', '6915********7600', '1', 'AE', 861),
(421, -272, 'EUR', '1376********5953', '1', 'MC', 1272),
(422, 429, 'EUR', '9157********8366', '1', 'VISA', 447),
(423, -467, 'EUR', '3983********2788', '1', 'MC', 254),
(424, 300, 'EUR', '6841********5743', '1', 'VISA', 983),
(425, 909, 'EUR', '9289********8233', '1', 'MC', 261),
(426, -133, 'EUR', '9892********5476', '1', 'VISA', 399),
(427, -424, 'EUR', '4040********9609', '1', 'VISA', 122),
(428, 10, 'EUR', '8903********7066', '1', 'VISA', 1340),
(429, 62, 'EUR', '1859********7742', '1', 'AE', 725),
(430, -299, 'EUR', '4551********4292', '1', 'MC', 83),
(431, -226, 'EUR', '7734********6649', '1', 'MC', 278),
(432, -404, 'EUR', '4994********7955', '1', 'AE', 1207),
(433, 935, 'EUR', '6510********7973', '1', 'VISA', 1388),
(434, 274, 'EUR', '2352********6799', '1', 'AE', 262),
(435, 364, 'EUR', '8868********4694', '1', 'MC', 1006),
(436, -56, 'EUR', '5876********6759', '1', 'VISA', 468),
(437, 329, 'EUR', '3297********9079', '1', 'MC', 738),
(438, -344, 'EUR', '3727********3988', '1', 'MC', 445),
(439, 650, 'EUR', '3712********3976', '1', 'MC', 588),
(440, 371, 'EUR', '2173********8727', '1', 'AE', 513),
(441, 867, 'EUR', '4180********2843', '1', 'MC', 986),
(442, 757, 'EUR', '7995********9070', '1', 'MC', 1433),
(443, 625, 'EUR', '5327********5219', '1', 'AE', 74),
(444, -388, 'EUR', '7834********3683', '1', 'MC', 91),
(445, 468, 'EUR', '9126********2968', '1', 'MC', 767),
(446, -65, 'EUR', '3308********3547', '1', 'VISA', 930),
(447, 622, 'EUR', '2149********1639', '1', 'VISA', 1000),
(448, 475, 'EUR', '1905********9833', '1', 'VISA', 483),
(449, 55, 'EUR', '2952********4262', '1', 'MC', 783),
(450, -429, 'EUR', '7037********4892', '1', 'VISA', 8),
(451, 206, 'EUR', '5182********7355', '1', 'AE', 1250),
(452, 820, 'EUR', '3113********8337', '1', 'VISA', 463),
(453, 229, 'EUR', '4690********4668', '1', 'VISA', 188),
(454, 568, 'EUR', '7316********5280', '1', 'AE', 1027),
(455, -458, 'EUR', '8172********1866', '1', 'AE', 860),
(456, 483, 'EUR', '9606********9810', '1', 'AE', 502),
(457, -44, 'EUR', '2444********9670', '1', 'MC', 965),
(458, 405, 'EUR', '6647********6318', '1', 'MC', 1395),
(459, 828, 'EUR', '1045********8326', '1', 'MC', 1432),
(460, 257, 'EUR', '1839********7940', '1', 'AE', 285),
(461, 458, 'EUR', '5241********3124', '1', 'VISA', 1097),
(462, 460, 'EUR', '3357********7704', '1', 'AE', 518),
(463, -4, 'EUR', '4917********6384', '1', 'AE', 849),
(464, 690, 'EUR', '9838********8822', '1', 'MC', 1403),
(465, 320, 'EUR', '7007********7158', '1', 'MC', 1423),
(466, 342, 'EUR', '2290********2119', '1', 'MC', 858),
(467, 414, 'EUR', '6808********6647', '1', 'MC', 447),
(468, 466, 'EUR', '6486********6326', '1', 'AE', 53),
(469, -412, 'EUR', '3060********8174', '1', 'MC', 874),
(470, 585, 'EUR', '8523********8959', '1', 'MC', 1494),
(471, 976, 'EUR', '3084********8305', '1', 'AE', 745),
(472, 143, 'EUR', '2299********5235', '1', 'AE', 1451),
(473, 386, 'EUR', '9337********9074', '1', 'VISA', 293),
(474, 806, 'EUR', '2273********2630', '1', 'MC', 829),
(475, 360, 'EUR', '6784********7286', '1', 'VISA', 121),
(476, 188, 'EUR', '8992********9701', '1', 'VISA', 258),
(477, -325, 'EUR', '3639********8761', '1', 'VISA', 1285),
(478, 112, 'EUR', '2374********6927', '1', 'VISA', 1051),
(479, 145, 'EUR', '8308********3834', '1', 'MC', 138),
(480, 450, 'EUR', '5286********5962', '1', 'VISA', 105),
(481, -102, 'EUR', '9203********6028', '1', 'AE', 475),
(482, 500, 'EUR', '2230********7326', '1', 'MC', 522),
(483, -259, 'EUR', '4618********3869', '1', 'AE', 563),
(484, -27, 'EUR', '6750********9698', '1', 'MC', 1438),
(485, 400, 'EUR', '3936********8228', '1', 'MC', 589),
(486, 426, 'EUR', '8925********3260', '1', 'AE', 39),
(487, 325, 'EUR', '5353********4925', '1', 'VISA', 80),
(488, -119, 'EUR', '9161********1544', '1', 'AE', 1328),
(489, -170, 'EUR', '4155********5727', '1', 'AE', 283),
(490, -379, 'EUR', '5452********3944', '1', 'AE', 205),
(491, -109, 'EUR', '3107********6510', '1', 'VISA', 398),
(492, -126, 'EUR', '3402********8986', '1', 'AE', 152),
(493, 210, 'EUR', '8429********1504', '1', 'MC', 267),
(494, 875, 'EUR', '2309********8254', '1', 'MC', 658),
(495, -464, 'EUR', '2712********7377', '1', 'VISA', 647),
(496, 396, 'EUR', '1291********7538', '1', 'MC', 167),
(497, -331, 'EUR', '1599********8592', '1', 'AE', 1427),
(498, 974, 'EUR', '4445********4742', '1', 'VISA', 1040),
(499, 369, 'EUR', '7548********7920', '1', 'VISA', 314),
(500, 356, 'EUR', '7736********3584', '1', 'AE', 915),
(501, 760, 'EUR', '8315********4957', '1', 'MC', 1103),
(502, -62, 'EUR', '5033********3271', '1', 'MC', 391),
(503, 449, 'EUR', '8425********6660', '1', 'VISA', 28),
(504, -29, 'EUR', '8532********2978', '1', 'AE', 1271),
(505, 18, 'EUR', '4908********6447', '1', 'MC', 233),
(506, -118, 'EUR', '4408********1981', '1', 'MC', 1294),
(507, 293, 'EUR', '5766********8892', '1', 'VISA', 128),
(508, 73, 'EUR', '5812********1759', '1', 'MC', 821),
(509, 132, 'EUR', '5782********3189', '1', 'MC', 897),
(510, 90, 'EUR', '3403********6882', '1', 'AE', 715),
(511, 157, 'EUR', '5036********8002', '1', 'MC', 655),
(512, 563, 'EUR', '6455********5257', '1', 'MC', 279),
(513, 171, 'EUR', '7132********3233', '1', 'VISA', 515),
(514, 186, 'EUR', '5297********1750', '1', 'MC', 1227),
(515, 97, 'EUR', '6627********7584', '1', 'VISA', 185),
(516, 884, 'EUR', '7520********6608', '1', 'AE', 270),
(517, 720, 'EUR', '6092********9196', '1', 'AE', 221),
(518, 666, 'EUR', '3065********7748', '1', 'MC', 1432),
(519, 896, 'EUR', '7180********4519', '1', 'VISA', 1169),
(520, 775, 'EUR', '3727********2799', '1', 'AE', 480),
(521, 142, 'EUR', '7969********3344', '1', 'VISA', 777),
(522, 623, 'EUR', '7952********8459', '1', 'VISA', 581),
(523, -302, 'EUR', '1398********2131', '1', 'AE', 1322),
(524, 267, 'EUR', '6149********7576', '1', 'MC', 1014),
(525, 621, 'EUR', '6749********1679', '1', 'MC', 791),
(526, 367, 'EUR', '6679********8865', '1', 'AE', 411),
(527, 919, 'EUR', '8478********3946', '1', 'MC', 851),
(528, -221, 'EUR', '9015********8771', '1', 'MC', 1166),
(529, 578, 'EUR', '4725********7512', '1', 'MC', 901),
(530, 317, 'EUR', '2005********3784', '1', 'VISA', 316),
(531, 298, 'EUR', '9892********1869', '1', 'AE', 87),
(532, 976, 'EUR', '3299********8451', '1', 'VISA', 859),
(533, 987, 'EUR', '3110********2273', '1', 'MC', 464),
(534, 954, 'EUR', '4011********1219', '1', 'MC', 865),
(535, 770, 'EUR', '3646********8383', '1', 'MC', 41),
(536, -492, 'EUR', '2070********9453', '1', 'VISA', 142),
(537, 48, 'EUR', '7757********9077', '1', 'VISA', 125),
(538, 22, 'EUR', '2361********5431', '1', 'AE', 545),
(539, 656, 'EUR', '7890********7688', '1', 'VISA', 1313),
(540, -106, 'EUR', '7266********5254', '1', 'MC', 285),
(541, 770, 'EUR', '3014********2990', '1', 'MC', 985),
(542, 545, 'EUR', '1171********1083', '1', 'VISA', 898),
(543, -52, 'EUR', '3740********6470', '1', 'VISA', 398),
(544, -349, 'EUR', '8694********6211', '1', 'MC', 749),
(545, 94, 'EUR', '2480********1494', '1', 'AE', 191),
(546, 60, 'EUR', '6779********8525', '1', 'AE', 1053),
(547, -1, 'EUR', '9140********2329', '1', 'VISA', 1074),
(548, 446, 'EUR', '3441********1081', '1', 'VISA', 346),
(549, -41, 'EUR', '6725********8141', '1', 'VISA', 756),
(550, 247, 'EUR', '2269********6855', '1', 'AE', 1153),
(551, 638, 'EUR', '3573********1682', '1', 'AE', 521),
(552, 770, 'EUR', '5040********1658', '1', 'VISA', 225),
(553, 795, 'EUR', '6426********6328', '1', 'AE', 142),
(554, 636, 'EUR', '8958********2191', '1', 'MC', 173),
(555, 787, 'EUR', '9720********6596', '1', 'VISA', 404),
(556, 565, 'EUR', '3241********3061', '1', 'VISA', 825),
(557, 128, 'EUR', '9940********4366', '1', 'VISA', 240),
(558, 424, 'EUR', '1590********2553', '1', 'VISA', 1264),
(559, 601, 'EUR', '1004********6955', '1', 'AE', 848),
(560, -400, 'EUR', '8439********4686', '1', 'MC', 277),
(561, -500, 'EUR', '2459********5547', '1', 'VISA', 771),
(562, 928, 'EUR', '5212********2806', '1', 'VISA', 617),
(563, 346, 'EUR', '6608********4789', '1', 'AE', 1494),
(564, -68, 'EUR', '8549********8716', '1', 'VISA', 936),
(565, 335, 'EUR', '5016********8207', '1', 'MC', 1361),
(566, 557, 'EUR', '2833********7749', '1', 'VISA', 597),
(567, 621, 'EUR', '8443********7101', '1', 'AE', 520),
(568, 237, 'EUR', '6578********7213', '1', 'MC', 83),
(569, 373, 'EUR', '3630********6119', '1', 'AE', 521),
(570, -238, 'EUR', '8611********1279', '1', 'VISA', 1187),
(571, 853, 'EUR', '4740********8371', '1', 'VISA', 407),
(572, 230, 'EUR', '4787********3333', '1', 'VISA', 958),
(573, 283, 'EUR', '7872********9230', '1', 'VISA', 1108),
(574, -386, 'EUR', '6667********5275', '1', 'AE', 1375),
(575, 801, 'EUR', '3088********5119', '1', 'VISA', 382),
(576, 571, 'EUR', '2560********2081', '1', 'AE', 1201),
(577, 689, 'EUR', '6565********8766', '1', 'VISA', 1232),
(578, 730, 'EUR', '3618********2116', '1', 'MC', 162),
(579, 946, 'EUR', '5534********8157', '1', 'AE', 986),
(580, 829, 'EUR', '5228********5531', '1', 'VISA', 1263),
(581, -189, 'EUR', '6132********1601', '1', 'MC', 766),
(582, 239, 'EUR', '9221********9140', '1', 'VISA', 1333),
(583, 272, 'EUR', '7691********2119', '1', 'AE', 1068),
(584, 798, 'EUR', '7681********4168', '1', 'MC', 1087),
(585, 582, 'EUR', '5494********9335', '1', 'MC', 452),
(586, 556, 'EUR', '1401********5966', '1', 'VISA', 298),
(587, 570, 'EUR', '1480********6686', '1', 'VISA', 477),
(588, 881, 'EUR', '6003********3378', '1', 'AE', 165),
(589, -479, 'EUR', '1103********2284', '1', 'VISA', 620),
(590, 440, 'EUR', '8277********1769', '1', 'MC', 1245),
(591, 321, 'EUR', '9153********2958', '1', 'MC', 1091),
(592, -34, 'EUR', '6147********6778', '1', 'AE', 255),
(593, 72, 'EUR', '2304********2465', '1', 'VISA', 305),
(594, -91, 'EUR', '3847********4769', '1', 'VISA', 884),
(595, 227, 'EUR', '8687********9472', '1', 'VISA', 566),
(596, 85, 'EUR', '4006********2262', '1', 'MC', 170),
(597, 581, 'EUR', '5054********9054', '1', 'VISA', 1220),
(598, 894, 'EUR', '3991********5161', '1', 'VISA', 986),
(599, 335, 'EUR', '4113********6390', '1', 'MC', 17),
(600, 995, 'EUR', '9421********6732', '1', 'AE', 487),
(601, -471, 'EUR', '2407********9119', '1', 'AE', 460),
(602, -233, 'EUR', '2208********1202', '1', 'VISA', 1308),
(603, 743, 'EUR', '7137********7547', '1', 'VISA', 1035),
(604, 96, 'EUR', '6283********8096', '1', 'MC', 230),
(605, 183, 'EUR', '4919********6601', '1', 'MC', 1000),
(606, 218, 'EUR', '5578********1958', '1', 'VISA', 402),
(607, -390, 'EUR', '6903********1771', '1', 'MC', 112),
(608, -359, 'EUR', '1504********9251', '1', 'MC', 789),
(609, 985, 'EUR', '3016********6817', '1', 'VISA', 332),
(610, -95, 'EUR', '7546********8858', '1', 'AE', 593),
(611, 650, 'EUR', '7975********8028', '1', 'AE', 322),
(612, 888, 'EUR', '9280********2745', '1', 'AE', 1125),
(613, 977, 'EUR', '6700********9657', '1', 'MC', 542),
(614, 122, 'EUR', '3697********2233', '1', 'VISA', 747),
(615, 520, 'EUR', '1151********3157', '1', 'MC', 8),
(616, 321, 'EUR', '2009********1953', '1', 'AE', 1472),
(617, -395, 'EUR', '3671********3417', '1', 'MC', 462),
(618, 957, 'EUR', '6561********9825', '1', 'VISA', 753),
(619, 383, 'EUR', '1052********7746', '1', 'MC', 204),
(620, -230, 'EUR', '9076********3855', '1', 'AE', 294),
(621, 340, 'EUR', '1531********5422', '1', 'AE', 241),
(622, 330, 'EUR', '5795********9114', '1', 'MC', 1105),
(623, -421, 'EUR', '8127********5021', '1', 'AE', 1413),
(624, 790, 'EUR', '3332********3389', '1', 'MC', 741),
(625, 843, 'EUR', '4055********3174', '1', 'AE', 535),
(626, 624, 'EUR', '5450********5207', '1', 'AE', 352),
(627, -293, 'EUR', '1911********6513', '1', 'VISA', 556),
(628, 169, 'EUR', '7002********9280', '1', 'VISA', 307),
(629, 620, 'EUR', '9291********1886', '1', 'VISA', 1441),
(630, -476, 'EUR', '6288********4139', '1', 'VISA', 972),
(631, 144, 'EUR', '6732********2228', '1', 'VISA', 396),
(632, 379, 'EUR', '7289********3183', '1', 'AE', 750),
(633, 492, 'EUR', '1083********8973', '1', 'VISA', 1236),
(634, 43, 'EUR', '4537********6883', '1', 'VISA', 1063),
(635, -386, 'EUR', '3913********7942', '1', 'VISA', 1118),
(636, 767, 'EUR', '9106********9477', '1', 'AE', 1356),
(637, 14, 'EUR', '5455********9808', '1', 'MC', 875),
(638, 619, 'EUR', '3312********6525', '1', 'MC', 1233),
(639, 550, 'EUR', '5670********4270', '1', 'AE', 1187),
(640, 951, 'EUR', '7403********4285', '1', 'MC', 268),
(641, -184, 'EUR', '8100********5854', '1', 'VISA', 507),
(642, -58, 'EUR', '7649********1229', '1', 'MC', 726),
(643, 47, 'EUR', '6004********8232', '1', 'MC', 260),
(644, 296, 'EUR', '8267********8357', '1', 'VISA', 384),
(645, -3, 'EUR', '3260********9441', '1', 'MC', 63),
(646, 66, 'EUR', '9984********1319', '1', 'VISA', 618),
(647, 558, 'EUR', '4353********9393', '1', 'VISA', 648),
(648, 490, 'EUR', '9461********9469', '1', 'MC', 427),
(649, 39, 'EUR', '5350********1084', '1', 'VISA', 1040),
(650, 292, 'EUR', '3550********5715', '1', 'MC', 1350),
(651, 638, 'EUR', '5126********3522', '1', 'AE', 568),
(652, 535, 'EUR', '5271********7775', '1', 'MC', 1223),
(653, -131, 'EUR', '6895********4269', '1', 'MC', 819),
(654, -166, 'EUR', '8908********9106', '1', 'VISA', 1137),
(655, 391, 'EUR', '8832********4181', '1', 'MC', 834),
(656, 625, 'EUR', '6129********1159', '1', 'MC', 834),
(657, -290, 'EUR', '4623********7846', '1', 'MC', 277),
(658, -129, 'EUR', '9918********5619', '1', 'MC', 469),
(659, -240, 'EUR', '6167********6854', '1', 'AE', 1164),
(660, 125, 'EUR', '9538********6926', '1', 'MC', 1175),
(661, -225, 'EUR', '3965********2378', '1', 'MC', 1166),
(662, 544, 'EUR', '8611********3848', '1', 'MC', 523),
(663, 65, 'EUR', '3557********6954', '1', 'AE', 1189),
(664, 634, 'EUR', '6145********3875', '1', 'VISA', 982),
(665, -147, 'EUR', '1805********6698', '1', 'VISA', 939),
(666, -94, 'EUR', '7047********7769', '1', 'VISA', 522),
(667, 115, 'EUR', '1862********6812', '1', 'MC', 1143),
(668, 733, 'EUR', '3287********9731', '1', 'VISA', 1020),
(669, -204, 'EUR', '2330********3578', '1', 'MC', 1113),
(670, 379, 'EUR', '2142********6428', '1', 'MC', 563),
(671, -44, 'EUR', '8403********1823', '1', 'MC', 55),
(672, 1, 'EUR', '3199********9327', '1', 'VISA', 910),
(673, 7, 'EUR', '4517********9484', '1', 'MC', 265),
(674, 92, 'EUR', '6302********6085', '1', 'AE', 861),
(675, 30, 'EUR', '3461********6240', '1', 'AE', 1137),
(676, 534, 'EUR', '6554********2784', '1', 'MC', 211),
(677, 723, 'EUR', '8492********4059', '1', 'MC', 1373),
(678, 329, 'EUR', '6107********5690', '1', 'MC', 1394),
(679, -366, 'EUR', '4968********6421', '1', 'AE', 508),
(680, 912, 'EUR', '1280********7989', '1', 'VISA', 1370),
(681, 718, 'EUR', '2829********2551', '1', 'MC', 1258),
(682, 284, 'EUR', '2392********3540', '1', 'VISA', 997),
(683, -196, 'EUR', '8830********4970', '1', 'AE', 340),
(684, 615, 'EUR', '9980********8543', '1', 'MC', 920),
(685, 768, 'EUR', '3078********7459', '1', 'AE', 584),
(686, 201, 'EUR', '5887********9096', '1', 'AE', 616),
(687, 2, 'EUR', '1914********3992', '1', 'VISA', 501),
(688, -189, 'EUR', '3087********5962', '1', 'MC', 456),
(689, 577, 'EUR', '7203********7044', '1', 'MC', 1179),
(690, 269, 'EUR', '5949********5523', '1', 'VISA', 438),
(691, -18, 'EUR', '9511********6690', '1', 'MC', 1036),
(692, -126, 'EUR', '6688********9493', '1', 'AE', 1037),
(693, 942, 'EUR', '7553********9790', '1', 'MC', 889),
(694, -409, 'EUR', '5328********4459', '1', 'AE', 1312),
(695, -197, 'EUR', '9782********3051', '1', 'VISA', 694),
(696, -201, 'EUR', '2823********2828', '1', 'VISA', 149),
(697, -323, 'EUR', '6213********9066', '1', 'MC', 107),
(698, -143, 'EUR', '4423********5220', '1', 'VISA', 87),
(699, 917, 'EUR', '4601********7362', '1', 'VISA', 986),
(700, 9, 'EUR', '9096********6624', '1', 'VISA', 703),
(701, 291, 'EUR', '8429********3588', '1', 'VISA', 22),
(702, 357, 'EUR', '4318********6478', '1', 'AE', 1381),
(703, -498, 'EUR', '1510********9367', '1', 'AE', 27),
(704, 265, 'EUR', '1510********2848', '1', 'MC', 644),
(705, -100, 'EUR', '2846********2769', '1', 'MC', 332),
(706, 864, 'EUR', '6097********3410', '1', 'AE', 288),
(707, -217, 'EUR', '9994********4769', '1', 'AE', 501),
(708, 741, 'EUR', '3714********4216', '1', 'MC', 583),
(709, 714, 'EUR', '1640********8170', '1', 'AE', 872),
(710, 984, 'EUR', '7569********1681', '1', 'MC', 672),
(711, 872, 'EUR', '6843********3998', '1', 'VISA', 351),
(712, 598, 'EUR', '4370********3438', '1', 'MC', 1275),
(713, 255, 'EUR', '8803********6369', '1', 'AE', 472),
(714, 119, 'EUR', '6667********6324', '1', 'MC', 631),
(715, 905, 'EUR', '9559********1571', '1', 'VISA', 1441),
(716, -239, 'EUR', '2836********6733', '1', 'AE', 551),
(717, -497, 'EUR', '6927********9769', '1', 'MC', 146),
(718, 593, 'EUR', '5132********9674', '1', 'MC', 1129),
(719, 298, 'EUR', '6423********2740', '1', 'AE', 869),
(720, -161, 'EUR', '7573********3127', '1', 'AE', 1482),
(721, 630, 'EUR', '5988********6148', '1', 'VISA', 1207),
(722, 614, 'EUR', '9404********9063', '1', 'VISA', 1011),
(723, 455, 'EUR', '7087********1095', '1', 'MC', 841),
(724, 221, 'EUR', '9233********8846', '1', 'AE', 444),
(725, 691, 'EUR', '8392********2872', '1', 'MC', 994),
(726, 113, 'EUR', '1897********9602', '1', 'AE', 157),
(727, 450, 'EUR', '4585********1381', '1', 'MC', 983),
(728, 408, 'EUR', '6772********3897', '1', 'MC', 324),
(729, 640, 'EUR', '6342********4653', '1', 'VISA', 961),
(730, 1, 'EUR', '8662********4801', '1', 'MC', 678),
(731, 942, 'EUR', '3455********8901', '1', 'MC', 117),
(732, 500, 'EUR', '1788********9551', '1', 'MC', 377),
(733, 285, 'EUR', '4376********2085', '1', 'MC', 238),
(734, 75, 'EUR', '9519********8843', '1', 'MC', 793),
(735, 797, 'EUR', '9609********7572', '1', 'AE', 546),
(736, 828, 'EUR', '4437********7412', '1', 'AE', 680),
(737, 263, 'EUR', '8909********7007', '1', 'VISA', 1355),
(738, 726, 'EUR', '9935********5788', '1', 'AE', 945),
(739, 944, 'EUR', '9701********8294', '1', 'MC', 1256),
(740, 162, 'EUR', '3908********6383', '1', 'AE', 760),
(741, -81, 'EUR', '1964********4450', '1', 'AE', 1316),
(742, -158, 'EUR', '8048********4765', '1', 'AE', 23),
(743, -50, 'EUR', '7476********1670', '1', 'MC', 299),
(744, 675, 'EUR', '1218********2592', '1', 'VISA', 663),
(745, 394, 'EUR', '7735********2402', '1', 'VISA', 1274),
(746, 326, 'EUR', '5924********3960', '1', 'MC', 682),
(747, 372, 'EUR', '5066********3708', '1', 'AE', 1026),
(748, 239, 'EUR', '9424********5872', '1', 'VISA', 716),
(749, 676, 'EUR', '4425********8226', '1', 'VISA', 117),
(750, -339, 'EUR', '5606********7470', '1', 'VISA', 19),
(751, -148, 'EUR', '6194********4631', '1', 'VISA', 1199),
(752, -39, 'EUR', '7250********5658', '1', 'AE', 927),
(753, -104, 'EUR', '8037********7697', '1', 'VISA', 105),
(754, -58, 'EUR', '6737********5389', '1', 'MC', 977),
(755, 410, 'EUR', '6885********1083', '1', 'AE', 1077),
(756, -432, 'EUR', '3302********5354', '1', 'VISA', 1383),
(757, 430, 'EUR', '5130********5768', '1', 'VISA', 1028),
(758, 965, 'EUR', '8851********2110', '1', 'VISA', 932),
(759, 111, 'EUR', '6058********1340', '1', 'AE', 1051),
(760, -400, 'EUR', '1454********9849', '1', 'MC', 339),
(761, -303, 'EUR', '6180********3658', '1', 'MC', 1442),
(762, -167, 'EUR', '1541********3684', '1', 'VISA', 54),
(763, -55, 'EUR', '5906********6205', '1', 'AE', 382),
(764, 706, 'EUR', '7300********9620', '1', 'MC', 1355),
(765, 815, 'EUR', '4248********2403', '1', 'AE', 408),
(766, 568, 'EUR', '7147********6920', '1', 'AE', 126),
(767, -244, 'EUR', '7102********1952', '1', 'VISA', 1155),
(768, -395, 'EUR', '9978********8469', '1', 'AE', 668),
(769, 513, 'EUR', '6848********8373', '1', 'VISA', 579),
(770, 732, 'EUR', '7433********1368', '1', 'MC', 622),
(771, -309, 'EUR', '2281********8978', '1', 'MC', 580),
(772, 626, 'EUR', '5550********7245', '1', 'AE', 1238),
(773, 684, 'EUR', '4580********9459', '1', 'AE', 1179),
(774, -30, 'EUR', '5059********8131', '1', 'MC', 887),
(775, 294, 'EUR', '1896********5310', '1', 'AE', 641),
(776, 355, 'EUR', '9470********2405', '1', 'AE', 1356),
(777, -30, 'EUR', '4604********2576', '1', 'VISA', 774),
(778, -91, 'EUR', '4297********7717', '1', 'VISA', 1332),
(779, 462, 'EUR', '9531********6470', '1', 'VISA', 160),
(780, -103, 'EUR', '7928********7099', '1', 'VISA', 796),
(781, 797, 'EUR', '6487********9697', '1', 'AE', 819),
(782, 113, 'EUR', '4325********3603', '1', 'VISA', 655),
(783, 61, 'EUR', '7500********6850', '1', 'VISA', 518),
(784, -131, 'EUR', '6001********6723', '1', 'AE', 1127),
(785, 178, 'EUR', '9413********2440', '1', 'AE', 554),
(786, -98, 'EUR', '3090********3562', '1', 'MC', 844),
(787, -439, 'EUR', '4251********5418', '1', 'MC', 123),
(788, 1, 'EUR', '7862********7483', '1', 'AE', 328),
(789, 111, 'EUR', '2206********4900', '1', 'MC', 604),
(790, 128, 'EUR', '2251********6092', '1', 'AE', 747),
(791, -308, 'EUR', '8298********8688', '1', 'AE', 1200),
(792, 649, 'EUR', '3754********1778', '1', 'MC', 375),
(793, 622, 'EUR', '5408********5278', '1', 'AE', 1298),
(794, -6, 'EUR', '9963********4710', '1', 'AE', 843),
(795, 240, 'EUR', '8186********6046', '1', 'AE', 366),
(796, 18, 'EUR', '2005********4518', '1', 'AE', 1151),
(797, 354, 'EUR', '8451********4999', '1', 'VISA', 1264),
(798, 451, 'EUR', '8744********6216', '1', 'VISA', 45),
(799, 997, 'EUR', '6913********4809', '1', 'MC', 867),
(800, -472, 'EUR', '5169********1124', '1', 'MC', 1152),
(801, -342, 'EUR', '7536********7176', '1', 'MC', 352),
(802, -153, 'EUR', '7524********7283', '1', 'VISA', 859),
(803, -470, 'EUR', '9196********5630', '1', 'MC', 240),
(804, 285, 'EUR', '9803********3590', '1', 'AE', 1020),
(805, -488, 'EUR', '4045********5621', '1', 'AE', 221),
(806, 101, 'EUR', '5044********8244', '1', 'AE', 227),
(807, 69, 'EUR', '9375********9820', '1', 'VISA', 98),
(808, 143, 'EUR', '7435********6124', '1', 'AE', 629),
(809, 404, 'EUR', '8775********8654', '1', 'AE', 245),
(810, 162, 'EUR', '4156********8035', '1', 'VISA', 795),
(811, 489, 'EUR', '9205********5014', '1', 'MC', 1111),
(812, 137, 'EUR', '5692********6367', '1', 'VISA', 608),
(813, -32, 'EUR', '2373********3477', '1', 'MC', 401),
(814, 396, 'EUR', '9118********6867', '1', 'MC', 4),
(815, 297, 'EUR', '2405********9859', '1', 'AE', 666),
(816, -16, 'EUR', '5377********8386', '1', 'MC', 1190),
(817, 715, 'EUR', '6395********5628', '1', 'MC', 375),
(818, 669, 'EUR', '3354********2450', '1', 'MC', 807),
(819, -414, 'EUR', '6537********7335', '1', 'VISA', 1357),
(820, 1000, 'EUR', '4317********3962', '1', 'VISA', 1073),
(821, -80, 'EUR', '9486********8386', '1', 'VISA', 1211),
(822, 481, 'EUR', '8148********8300', '1', 'AE', 444),
(823, 897, 'EUR', '3113********7416', '1', 'MC', 1481),
(824, -449, 'EUR', '8816********7753', '1', 'VISA', 1368),
(825, 285, 'EUR', '4093********7252', '1', 'AE', 526),
(826, 539, 'EUR', '9858********2022', '1', 'AE', 1175),
(827, 898, 'EUR', '5834********7886', '1', 'VISA', 1413),
(828, 523, 'EUR', '8847********5542', '1', 'VISA', 447),
(829, 644, 'EUR', '5477********8923', '1', 'MC', 158),
(830, 59, 'EUR', '7540********5968', '1', 'MC', 582),
(831, 904, 'EUR', '1019********3642', '1', 'MC', 669),
(832, -348, 'EUR', '4816********9080', '1', 'VISA', 1241),
(833, 531, 'EUR', '1803********2234', '1', 'VISA', 723),
(834, 291, 'EUR', '9737********2707', '1', 'AE', 155),
(835, 385, 'EUR', '6377********7900', '1', 'VISA', 1184),
(836, 490, 'EUR', '8385********4725', '1', 'MC', 1494),
(837, 332, 'EUR', '4873********1193', '1', 'VISA', 819),
(838, 2, 'EUR', '1014********4485', '1', 'VISA', 1462),
(839, -140, 'EUR', '3396********8812', '1', 'MC', 1162),
(840, -42, 'EUR', '3710********2525', '1', 'VISA', 1025),
(841, 812, 'EUR', '9662********1083', '1', 'MC', 123),
(842, 724, 'EUR', '1680********8277', '1', 'MC', 1484),
(843, 491, 'EUR', '2454********3597', '1', 'VISA', 270),
(844, 362, 'EUR', '5401********6792', '1', 'AE', 10),
(845, -266, 'EUR', '8088********2446', '1', 'AE', 1031),
(846, 744, 'EUR', '4687********1047', '1', 'VISA', 362),
(847, -297, 'EUR', '6855********1631', '1', 'VISA', 557),
(848, -37, 'EUR', '6597********4319', '1', 'AE', 934),
(849, -452, 'EUR', '4401********7799', '1', 'VISA', 1458),
(850, -66, 'EUR', '5988********7464', '1', 'AE', 1497),
(851, 940, 'EUR', '6953********2926', '1', 'MC', 1203),
(852, -434, 'EUR', '2362********2922', '1', 'MC', 945),
(853, 792, 'EUR', '8226********9815', '1', 'VISA', 1391),
(854, -190, 'EUR', '9743********9341', '1', 'MC', 149),
(855, 655, 'EUR', '2633********2225', '1', 'AE', 445),
(856, -145, 'EUR', '6702********3241', '1', 'AE', 1016),
(857, 679, 'EUR', '1102********7427', '1', 'MC', 595),
(858, -344, 'EUR', '3127********4081', '1', 'MC', 239),
(859, 604, 'EUR', '9777********6214', '1', 'MC', 1420),
(860, 63, 'EUR', '6101********5015', '1', 'AE', 743),
(861, 302, 'EUR', '8875********2975', '1', 'MC', 947),
(862, 816, 'EUR', '4561********5960', '1', 'MC', 580),
(863, 850, 'EUR', '6855********8141', '1', 'MC', 1464),
(864, 968, 'EUR', '7173********3056', '1', 'MC', 1000),
(865, -264, 'EUR', '4949********3810', '1', 'VISA', 1011),
(866, 218, 'EUR', '6345********4840', '1', 'AE', 1237),
(867, 720, 'EUR', '9434********6056', '1', 'VISA', 743),
(868, 984, 'EUR', '7837********1789', '1', 'AE', 824),
(869, 98, 'EUR', '2532********6828', '1', 'AE', 911),
(870, -296, 'EUR', '9508********4272', '1', 'AE', 91),
(871, 334, 'EUR', '5971********3269', '1', 'MC', 1165),
(872, 529, 'EUR', '5663********8454', '1', 'VISA', 509),
(873, -252, 'EUR', '3713********4253', '1', 'AE', 815),
(874, 86, 'EUR', '6249********3095', '1', 'AE', 1219),
(875, 586, 'EUR', '5870********4619', '1', 'MC', 487),
(876, -204, 'EUR', '9592********9743', '1', 'VISA', 1055),
(877, 909, 'EUR', '4337********1077', '1', 'VISA', 675),
(878, 520, 'EUR', '6818********1811', '1', 'AE', 990),
(879, 464, 'EUR', '4592********6465', '1', 'AE', 1064),
(880, -259, 'EUR', '9596********4021', '1', 'AE', 1066),
(881, 1, 'EUR', '3041********9327', '1', 'MC', 510),
(882, -126, 'EUR', '1422********1197', '1', 'MC', 458),
(883, -69, 'EUR', '1503********8828', '1', 'MC', 1060),
(884, -398, 'EUR', '7772********2498', '1', 'AE', 28),
(885, 312, 'EUR', '3680********2543', '1', 'AE', 405),
(886, -115, 'EUR', '1289********2437', '1', 'VISA', 335),
(887, 115, 'EUR', '1086********9669', '1', 'AE', 108),
(888, -436, 'EUR', '2605********4879', '1', 'MC', 784),
(889, -498, 'EUR', '5920********3134', '1', 'MC', 318),
(890, -70, 'EUR', '6365********2972', '1', 'MC', 353),
(891, 395, 'EUR', '5797********6683', '1', 'VISA', 1371),
(892, 339, 'EUR', '4733********2723', '1', 'VISA', 276),
(893, 58, 'EUR', '5101********1494', '1', 'MC', 111),
(894, 252, 'EUR', '6111********7725', '1', 'MC', 807),
(895, 186, 'EUR', '8528********6111', '1', 'AE', 51),
(896, 207, 'EUR', '6018********3527', '1', 'AE', 1035),
(897, 907, 'EUR', '2533********9580', '1', 'VISA', 1410),
(898, 169, 'EUR', '4988********2090', '1', 'AE', 1493),
(899, 466, 'EUR', '6703********9040', '1', 'AE', 21),
(900, -474, 'EUR', '8233********8260', '1', 'MC', 641),
(901, 411, 'EUR', '2578********4390', '1', 'MC', 1357),
(902, 997, 'EUR', '9422********7751', '1', 'AE', 314),
(903, 762, 'EUR', '2278********9082', '1', 'AE', 1061),
(904, 990, 'EUR', '4754********9825', '1', 'AE', 988),
(905, 349, 'EUR', '4754********7974', '1', 'VISA', 770),
(906, 899, 'EUR', '9737********5625', '1', 'VISA', 104),
(907, 770, 'EUR', '6864********7122', '1', 'VISA', 297),
(908, 318, 'EUR', '3595********8295', '1', 'VISA', 1412),
(909, 129, 'EUR', '5733********9244', '1', 'AE', 419),
(910, -409, 'EUR', '2936********8204', '1', 'MC', 1257),
(911, 37, 'EUR', '3405********5349', '1', 'VISA', 377),
(912, 405, 'EUR', '7404********1952', '1', 'VISA', 830),
(913, -212, 'EUR', '2847********9717', '1', 'MC', 157),
(914, 849, 'EUR', '4556********6979', '1', 'VISA', 879),
(915, 692, 'EUR', '8344********2685', '1', 'AE', 1297),
(916, 591, 'EUR', '5541********1476', '1', 'MC', 1110),
(917, 665, 'EUR', '9147********4651', '1', 'AE', 937),
(918, 152, 'EUR', '5330********6140', '1', 'MC', 517),
(919, 266, 'EUR', '1303********2173', '1', 'MC', 592),
(920, 556, 'EUR', '9913********6810', '1', 'VISA', 897),
(921, 202, 'EUR', '8581********7489', '1', 'VISA', 1373),
(922, 281, 'EUR', '2467********2828', '1', 'AE', 567),
(923, -325, 'EUR', '2394********2335', '1', 'AE', 973),
(924, -9, 'EUR', '2431********7299', '1', 'AE', 145),
(925, -316, 'EUR', '4937********1055', '1', 'MC', 315),
(926, 42, 'EUR', '2040********9667', '1', 'MC', 706),
(927, -395, 'EUR', '8943********5447', '1', 'AE', 704),
(928, -109, 'EUR', '9365********9262', '1', 'AE', 776),
(929, 734, 'EUR', '9872********6159', '1', 'MC', 997),
(930, 109, 'EUR', '4336********2663', '1', 'AE', 1432),
(931, 806, 'EUR', '6625********8205', '1', 'AE', 492),
(932, 487, 'EUR', '7204********3184', '1', 'VISA', 347),
(933, 851, 'EUR', '8699********1745', '1', 'VISA', 1212),
(934, -84, 'EUR', '8486********8424', '1', 'VISA', 941),
(935, -394, 'EUR', '9249********9301', '1', 'AE', 773),
(936, 804, 'EUR', '3801********9694', '1', 'AE', 662),
(937, 89, 'EUR', '5434********9009', '1', 'AE', 668),
(938, -171, 'EUR', '4676********5272', '1', 'AE', 612),
(939, -304, 'EUR', '3433********3803', '1', 'AE', 274),
(940, -166, 'EUR', '4983********3424', '1', 'VISA', 230),
(941, -307, 'EUR', '1453********6628', '1', 'MC', 1455),
(942, 217, 'EUR', '1354********3334', '1', 'VISA', 1129),
(943, 632, 'EUR', '8060********5185', '1', 'AE', 1302),
(944, 111, 'EUR', '1423********2397', '1', 'MC', 799),
(945, 932, 'EUR', '2200********5108', '1', 'AE', 289),
(946, 67, 'EUR', '9777********8847', '1', 'VISA', 381),
(947, -146, 'EUR', '3981********1328', '1', 'MC', 82),
(948, -375, 'EUR', '3165********3618', '1', 'AE', 443),
(949, 106, 'EUR', '5902********2359', '1', 'MC', 1485),
(950, 346, 'EUR', '9172********4782', '1', 'AE', 366),
(951, 511, 'EUR', '4788********7239', '1', 'VISA', 1493),
(952, -201, 'EUR', '8088********8951', '1', 'AE', 452),
(953, -438, 'EUR', '1673********6074', '1', 'MC', 1421),
(954, 427, 'EUR', '3458********5843', '1', 'MC', 1432),
(955, 467, 'EUR', '4053********8405', '1', 'AE', 889),
(956, 91, 'EUR', '6639********5388', '1', 'AE', 696),
(957, -205, 'EUR', '8883********4846', '1', 'VISA', 851),
(958, -26, 'EUR', '6733********5156', '1', 'MC', 821),
(959, 12, 'EUR', '1020********9496', '1', 'MC', 914),
(960, 148, 'EUR', '9064********3614', '1', 'MC', 956),
(961, -13, 'EUR', '9640********4317', '1', 'AE', 250),
(962, 232, 'EUR', '9492********5896', '1', 'MC', 676),
(963, 478, 'EUR', '5126********8767', '1', 'MC', 202),
(964, 860, 'EUR', '6686********7066', '1', 'VISA', 541),
(965, 907, 'EUR', '3504********7004', '1', 'MC', 1226),
(966, -129, 'EUR', '6123********1752', '1', 'AE', 1477),
(967, -376, 'EUR', '8613********2043', '1', 'MC', 601),
(968, 230, 'EUR', '2502********9512', '1', 'AE', 161),
(969, 601, 'EUR', '6951********5486', '1', 'MC', 800),
(970, 21, 'EUR', '8732********2903', '1', 'VISA', 1159),
(971, 107, 'EUR', '4464********8605', '1', 'VISA', 738),
(972, 189, 'EUR', '3602********5199', '1', 'MC', 407),
(973, -347, 'EUR', '4048********8748', '1', 'MC', 201),
(974, 84, 'EUR', '1203********3285', '1', 'AE', 603),
(975, 376, 'EUR', '1808********8336', '1', 'AE', 120),
(976, -33, 'EUR', '5664********1603', '1', 'AE', 1231),
(977, 482, 'EUR', '9189********6502', '1', 'VISA', 40),
(978, 664, 'EUR', '6232********7094', '1', 'AE', 1146),
(979, -164, 'EUR', '7377********4415', '1', 'MC', 1491),
(980, 148, 'EUR', '8765********4406', '1', 'MC', 10),
(981, 711, 'EUR', '7271********5978', '1', 'AE', 541),
(982, 931, 'EUR', '8626********3320', '1', 'MC', 456),
(983, -385, 'EUR', '6336********6582', '1', 'MC', 133),
(984, 35, 'EUR', '2718********8855', '1', 'VISA', 167),
(985, 782, 'EUR', '4269********1987', '1', 'AE', 760),
(986, 549, 'EUR', '8217********4960', '1', 'AE', 755),
(987, -388, 'EUR', '3929********9880', '1', 'MC', 22),
(988, 874, 'EUR', '2950********2670', '1', 'VISA', 1223),
(989, 766, 'EUR', '7850********8199', '1', 'MC', 290),
(990, 42, 'EUR', '4307********6890', '1', 'AE', 362),
(991, 81, 'EUR', '6389********1119', '1', 'VISA', 514),
(992, 501, 'EUR', '6170********7014', '1', 'VISA', 335),
(993, 826, 'EUR', '8996********4304', '1', 'MC', 1216),
(994, -443, 'EUR', '9310********1060', '1', 'AE', 752),
(995, 420, 'EUR', '3604********4547', '1', 'AE', 1493),
(996, -326, 'EUR', '4316********4785', '1', 'AE', 1435),
(997, -140, 'EUR', '4637********4159', '1', 'MC', 232),
(998, 667, 'EUR', '5671********4007', '1', 'MC', 615),
(999, 704, 'EUR', '7840********2581', '1', 'VISA', 477),
(1000, 492, 'EUR', '7026********5792', '1', 'VISA', 1475),
(1001, -189, 'EUR', '6381********3325', '1', 'VISA', 400),
(1002, 796, 'EUR', '1546********2148', '1', 'AE', 482),
(1003, 771, 'EUR', '6781********7707', '1', 'AE', 329),
(1004, 486, 'EUR', '1975********3624', '1', 'MC', 939),
(1005, 637, 'EUR', '2686********3674', '1', 'AE', 191),
(1006, -316, 'EUR', '1150********4461', '1', 'AE', 1058),
(1007, -256, 'EUR', '8124********2168', '1', 'AE', 1103),
(1008, 609, 'EUR', '4914********2310', '1', 'MC', 203),
(1009, 941, 'EUR', '2180********6548', '1', 'MC', 89),
(1010, 381, 'EUR', '4625********1854', '1', 'MC', 1117),
(1011, 933, 'EUR', '4690********7815', '1', 'MC', 1371),
(1012, 19, 'EUR', '5236********7722', '1', 'MC', 1479),
(1013, 666, 'EUR', '8573********1810', '1', 'VISA', 953),
(1014, 253, 'EUR', '2734********4384', '1', 'AE', 1291),
(1015, 547, 'EUR', '8891********7162', '1', 'MC', 364),
(1016, 268, 'EUR', '8850********1725', '1', 'MC', 691),
(1017, -51, 'EUR', '3003********2967', '1', 'MC', 148),
(1018, 344, 'EUR', '9018********7986', '1', 'VISA', 219),
(1019, 817, 'EUR', '8864********3284', '1', 'AE', 398),
(1020, -198, 'EUR', '8939********1350', '1', 'VISA', 169),
(1021, 707, 'EUR', '8632********7102', '1', 'MC', 889),
(1022, -170, 'EUR', '2940********1969', '1', 'MC', 1492),
(1023, 306, 'EUR', '5648********4333', '1', 'AE', 754),
(1024, 392, 'EUR', '5910********9876', '1', 'AE', 26),
(1025, -257, 'EUR', '8607********7973', '1', 'MC', 299),
(1026, 38, 'EUR', '3409********1846', '1', 'AE', 577),
(1027, 784, 'EUR', '1266********6719', '1', 'AE', 1331),
(1028, -438, 'EUR', '4897********6021', '1', 'VISA', 1215),
(1029, 44, 'EUR', '6534********5709', '1', 'AE', 1431),
(1030, 122, 'EUR', '1079********7882', '1', 'VISA', 1353),
(1031, 829, 'EUR', '2500********6370', '1', 'MC', 92),
(1032, -236, 'EUR', '7662********5203', '1', 'AE', 15),
(1033, 587, 'EUR', '3042********7349', '1', 'VISA', 1036),
(1034, 503, 'EUR', '8810********9675', '1', 'VISA', 30),
(1035, 149, 'EUR', '7082********9721', '1', 'MC', 1047),
(1036, -145, 'EUR', '7877********9274', '1', 'VISA', 931),
(1037, 646, 'EUR', '2950********2214', '1', 'AE', 1131),
(1038, 435, 'EUR', '8966********9984', '1', 'MC', 649),
(1039, -479, 'EUR', '2540********4848', '1', 'MC', 1279),
(1040, 382, 'EUR', '6768********2804', '1', 'MC', 53),
(1041, 975, 'EUR', '2943********5354', '1', 'AE', 1333),
(1042, 949, 'EUR', '6128********3693', '1', 'AE', 363),
(1043, 780, 'EUR', '5152********2816', '1', 'VISA', 1308),
(1044, 104, 'EUR', '6818********9642', '1', 'AE', 1227),
(1045, -58, 'EUR', '5090********8901', '1', 'VISA', 1477),
(1046, 103, 'EUR', '4711********2543', '1', 'MC', 90),
(1047, -481, 'EUR', '7313********7631', '1', 'AE', 250),
(1048, -180, 'EUR', '5658********2800', '1', 'AE', 631),
(1049, 893, 'EUR', '1351********2301', '1', 'MC', 1078),
(1050, 857, 'EUR', '5945********8437', '1', 'VISA', 1232),
(1051, 373, 'EUR', '8332********1381', '1', 'AE', 1169),
(1052, 461, 'EUR', '8675********2194', '1', 'AE', 659),
(1053, -439, 'EUR', '5316********8792', '1', 'MC', 1430),
(1054, 470, 'EUR', '6538********3625', '1', 'VISA', 208),
(1055, 69, 'EUR', '2412********9015', '1', 'AE', 250),
(1056, -266, 'EUR', '9219********6654', '1', 'VISA', 827),
(1057, 280, 'EUR', '5174********2774', '1', 'MC', 469),
(1058, 293, 'EUR', '2613********1406', '1', 'VISA', 19),
(1059, 672, 'EUR', '7293********4980', '1', 'MC', 466),
(1060, 27, 'EUR', '2499********8995', '1', 'MC', 1110),
(1061, -204, 'EUR', '1231********7537', '1', 'AE', 1324),
(1062, 264, 'EUR', '5391********3545', '1', 'VISA', 1221),
(1063, -236, 'EUR', '3541********9750', '1', 'AE', 538),
(1064, 957, 'EUR', '4539********4847', '1', 'VISA', 1440),
(1065, -226, 'EUR', '6423********9325', '1', 'VISA', 968),
(1066, 973, 'EUR', '1459********6460', '1', 'VISA', 264),
(1067, -55, 'EUR', '7642********2884', '1', 'MC', 1000),
(1068, -91, 'EUR', '2877********5764', '1', 'MC', 520),
(1069, 480, 'EUR', '7343********9235', '1', 'VISA', 646),
(1070, 522, 'EUR', '3122********4821', '1', 'AE', 345),
(1071, -353, 'EUR', '9770********4444', '1', 'VISA', 1317),
(1072, 528, 'EUR', '6543********3475', '1', 'VISA', 726),
(1073, -210, 'EUR', '9270********6277', '1', 'MC', 193),
(1074, 14, 'EUR', '4370********4018', '1', 'VISA', 1477),
(1075, -458, 'EUR', '1520********3501', '1', 'MC', 1174),
(1076, -486, 'EUR', '5177********4946', '1', 'MC', 981),
(1077, 765, 'EUR', '3442********6624', '1', 'MC', 807),
(1078, -181, 'EUR', '2299********2189', '1', 'MC', 916),
(1079, 147, 'EUR', '8759********4525', '1', 'MC', 1259),
(1080, -292, 'EUR', '7224********4746', '1', 'VISA', 262),
(1081, 750, 'EUR', '9525********7982', '1', 'VISA', 505),
(1082, 640, 'EUR', '8417********8229', '1', 'VISA', 1346),
(1083, 709, 'EUR', '4064********8790', '1', 'AE', 803),
(1084, 928, 'EUR', '7534********6696', '1', 'VISA', 112),
(1085, -209, 'EUR', '3810********5506', '1', 'MC', 1119),
(1086, -360, 'EUR', '7707********2644', '1', 'MC', 926),
(1087, 369, 'EUR', '3593********1301', '1', 'VISA', 1289),
(1088, -280, 'EUR', '9063********5841', '1', 'MC', 1422),
(1089, 727, 'EUR', '5906********9486', '1', 'AE', 618),
(1090, 982, 'EUR', '6566********7704', '1', 'AE', 1072),
(1091, 725, 'EUR', '1678********3303', '1', 'VISA', 366),
(1092, 302, 'EUR', '9481********9212', '1', 'AE', 890),
(1093, 271, 'EUR', '1447********6610', '1', 'VISA', 775),
(1094, 539, 'EUR', '3099********9546', '1', 'VISA', 855),
(1095, 458, 'EUR', '1644********6969', '1', 'MC', 1451),
(1096, 233, 'EUR', '6545********9025', '1', 'AE', 830),
(1097, 77, 'EUR', '6255********9553', '1', 'VISA', 410),
(1098, 70, 'EUR', '5875********4249', '1', 'AE', 1024),
(1099, 366, 'EUR', '1447********9518', '1', 'MC', 1475),
(1100, 242, 'EUR', '8000********2085', '1', 'MC', 273),
(1101, 912, 'EUR', '6366********7888', '1', 'VISA', 1244),
(1102, 630, 'EUR', '8879********5572', '1', 'MC', 26),
(1103, 387, 'EUR', '6184********1161', '1', 'AE', 1198),
(1104, 141, 'EUR', '1351********6809', '1', 'VISA', 901),
(1105, -472, 'EUR', '7810********5964', '1', 'VISA', 1348),
(1106, 160, 'EUR', '6059********6744', '1', 'MC', 1066),
(1107, -85, 'EUR', '6641********5762', '1', 'VISA', 736),
(1108, 770, 'EUR', '6990********5908', '1', 'VISA', 1161),
(1109, 898, 'EUR', '4272********8377', '1', 'MC', 844),
(1110, 514, 'EUR', '1958********2326', '1', 'VISA', 1404),
(1111, -445, 'EUR', '1874********6856', '1', 'MC', 1406),
(1112, 206, 'EUR', '9941********3805', '1', 'VISA', 1148),
(1113, -208, 'EUR', '3119********9801', '1', 'AE', 644),
(1114, 244, 'EUR', '5214********9558', '1', 'MC', 1163),
(1115, 618, 'EUR', '6575********9735', '1', 'AE', 205),
(1116, -190, 'EUR', '9349********2037', '1', 'MC', 481),
(1117, 401, 'EUR', '8324********7997', '1', 'AE', 1243),
(1118, 182, 'EUR', '1089********1387', '1', 'AE', 531),
(1119, 880, 'EUR', '3000********1454', '1', 'AE', 387),
(1120, 967, 'EUR', '5093********7186', '1', 'MC', 1193),
(1121, 744, 'EUR', '6467********2315', '1', 'VISA', 1478),
(1122, 191, 'EUR', '7493********8209', '1', 'AE', 62),
(1123, 794, 'EUR', '2225********5703', '1', 'VISA', 1105),
(1124, 143, 'EUR', '8693********7402', '1', 'MC', 647),
(1125, 830, 'EUR', '2554********8110', '1', 'AE', 104),
(1126, -367, 'EUR', '9388********3273', '1', 'VISA', 1451),
(1127, -487, 'EUR', '7448********3356', '1', 'MC', 494),
(1128, 506, 'EUR', '7934********5156', '1', 'VISA', 1309),
(1129, -272, 'EUR', '3571********2458', '1', 'AE', 397),
(1130, 598, 'EUR', '1860********2859', '1', 'AE', 873),
(1131, 132, 'EUR', '8837********3739', '1', 'VISA', 55),
(1132, -319, 'EUR', '6867********3220', '1', 'MC', 958),
(1133, 678, 'EUR', '3289********5373', '1', 'MC', 1293),
(1134, 235, 'EUR', '7324********9010', '1', 'VISA', 267),
(1135, -174, 'EUR', '9938********8264', '1', 'VISA', 102),
(1136, -248, 'EUR', '3653********6246', '1', 'AE', 1093),
(1137, 781, 'EUR', '9675********9118', '1', 'MC', 699),
(1138, 826, 'EUR', '7084********7196', '1', 'AE', 1141),
(1139, -347, 'EUR', '8912********9886', '1', 'VISA', 606),
(1140, -459, 'EUR', '9482********5317', '1', 'AE', 810),
(1141, 425, 'EUR', '3959********4930', '1', 'VISA', 1484),
(1142, 388, 'EUR', '3593********8709', '1', 'MC', 1441),
(1143, -474, 'EUR', '6019********8103', '1', 'MC', 960),
(1144, 562, 'EUR', '3802********6838', '1', 'VISA', 408),
(1145, 133, 'EUR', '7903********9791', '1', 'VISA', 1007),
(1146, -410, 'EUR', '6966********4545', '1', 'MC', 1069),
(1147, 644, 'EUR', '9688********8977', '1', 'MC', 653),
(1148, 705, 'EUR', '9096********7529', '1', 'MC', 10),
(1149, 455, 'EUR', '6598********2573', '1', 'VISA', 407),
(1150, 410, 'EUR', '5482********1599', '1', 'MC', 1385),
(1151, 373, 'EUR', '5954********6900', '1', 'VISA', 224),
(1152, -112, 'EUR', '3033********6947', '1', 'MC', 1095),
(1153, 144, 'EUR', '4942********4346', '1', 'AE', 692),
(1154, -108, 'EUR', '9245********6796', '1', 'AE', 930),
(1155, 877, 'EUR', '8027********6852', '1', 'MC', 1423),
(1156, 73, 'EUR', '9587********4429', '1', 'AE', 77),
(1157, 414, 'EUR', '9980********1003', '1', 'VISA', 279),
(1158, 101, 'EUR', '8378********1986', '1', 'AE', 298),
(1159, 123, 'EUR', '2084********4710', '1', 'MC', 1432),
(1160, 286, 'EUR', '7316********9162', '1', 'AE', 890),
(1161, 327, 'EUR', '5502********6071', '1', 'MC', 1364),
(1162, 766, 'EUR', '7009********6826', '1', 'AE', 1382),
(1163, -237, 'EUR', '5266********4781', '1', 'AE', 315),
(1164, 744, 'EUR', '7596********7175', '1', 'MC', 1040),
(1165, 718, 'EUR', '4530********4974', '1', 'MC', 317),
(1166, -454, 'EUR', '4508********4627', '1', 'MC', 1277),
(1167, 440, 'EUR', '6784********9716', '1', 'AE', 1444),
(1168, 235, 'EUR', '2552********4475', '1', 'VISA', 207),
(1169, 932, 'EUR', '4964********4872', '1', 'MC', 1450),
(1170, -409, 'EUR', '6201********2446', '1', 'AE', 1007),
(1171, 543, 'EUR', '2458********2980', '1', 'MC', 84),
(1172, 194, 'EUR', '6549********8494', '1', 'AE', 569),
(1173, 545, 'EUR', '2891********6983', '1', 'AE', 1120),
(1174, 485, 'EUR', '9700********1281', '1', 'VISA', 346),
(1175, -358, 'EUR', '1968********2223', '1', 'VISA', 939),
(1176, -413, 'EUR', '7155********2290', '1', 'AE', 316),
(1177, 276, 'EUR', '1154********2465', '1', 'VISA', 607),
(1178, 840, 'EUR', '6712********3103', '1', 'MC', 610),
(1179, 219, 'EUR', '5820********1633', '1', 'VISA', 304),
(1180, -140, 'EUR', '4898********4722', '1', 'AE', 165),
(1181, 202, 'EUR', '7405********6826', '1', 'VISA', 1284),
(1182, 790, 'EUR', '9251********5011', '1', 'VISA', 1233),
(1183, -224, 'EUR', '8157********5348', '1', 'MC', 1463),
(1184, 300, 'EUR', '8505********1792', '1', 'AE', 689),
(1185, 738, 'EUR', '7311********7010', '1', 'VISA', 835),
(1186, 224, 'EUR', '9526********2299', '1', 'VISA', 1349),
(1187, 73, 'EUR', '1718********4712', '1', 'MC', 1156),
(1188, 816, 'EUR', '7320********3983', '1', 'AE', 1480),
(1189, 186, 'EUR', '6117********7119', '1', 'VISA', 802),
(1190, 160, 'EUR', '5783********1314', '1', 'VISA', 410),
(1191, 180, 'EUR', '9452********7282', '1', 'VISA', 735),
(1192, 122, 'EUR', '9939********2381', '1', 'AE', 1147),
(1193, -316, 'EUR', '7744********2012', '1', 'VISA', 1131),
(1194, 98, 'EUR', '2995********6343', '1', 'MC', 526),
(1195, -276, 'EUR', '7694********9459', '1', 'AE', 418),
(1196, 474, 'EUR', '1055********9736', '1', 'VISA', 1099),
(1197, -3, 'EUR', '7450********8825', '1', 'VISA', 1210),
(1198, 569, 'EUR', '3050********5844', '1', 'VISA', 1173),
(1199, 831, 'EUR', '7959********8238', '1', 'VISA', 17),
(1200, -466, 'EUR', '7828********7912', '1', 'MC', 692),
(1201, 232, 'EUR', '9239********8182', '1', 'AE', 303),
(1202, -469, 'EUR', '5988********1802', '1', 'MC', 1364),
(1203, -398, 'EUR', '5634********3819', '1', 'AE', 865),
(1204, 1, 'EUR', '1733********7855', '1', 'VISA', 1319),
(1205, -206, 'EUR', '5505********2332', '1', 'VISA', 333),
(1206, 874, 'EUR', '2725********9670', '1', 'MC', 921),
(1207, 920, 'EUR', '1219********1926', '1', 'MC', 778),
(1208, 868, 'EUR', '4456********1860', '1', 'VISA', 854),
(1209, 391, 'EUR', '9986********7035', '1', 'VISA', 497),
(1210, -31, 'EUR', '1592********4527', '1', 'VISA', 1406),
(1211, 558, 'EUR', '3360********1658', '1', 'VISA', 1132),
(1212, 296, 'EUR', '7980********5375', '1', 'AE', 712),
(1213, -392, 'EUR', '5118********5011', '1', 'VISA', 158),
(1214, -36, 'EUR', '8409********7328', '1', 'MC', 613),
(1215, -389, 'EUR', '5880********8907', '1', 'VISA', 1183),
(1216, 587, 'EUR', '4035********2016', '1', 'VISA', 640),
(1217, 923, 'EUR', '9766********1401', '1', 'VISA', 1389),
(1218, 859, 'EUR', '9189********3138', '1', 'MC', 849),
(1219, 515, 'EUR', '4612********6922', '1', 'AE', 678),
(1220, 777, 'EUR', '8875********9178', '1', 'VISA', 1027),
(1221, 784, 'EUR', '2225********9538', '1', 'MC', 1475),
(1222, -319, 'EUR', '2282********4856', '1', 'MC', 1015),
(1223, 397, 'EUR', '8603********5738', '1', 'MC', 1238),
(1224, 621, 'EUR', '8713********4224', '1', 'MC', 1109),
(1225, 693, 'EUR', '3645********8912', '1', 'VISA', 826),
(1226, -47, 'EUR', '2121********8941', '1', 'VISA', 713),
(1227, 957, 'EUR', '6670********4666', '1', 'VISA', 469),
(1228, 824, 'EUR', '6723********2391', '1', 'AE', 705),
(1229, 577, 'EUR', '8311********6714', '1', 'AE', 192),
(1230, -111, 'EUR', '9381********8025', '1', 'VISA', 1331),
(1231, 402, 'EUR', '3720********5667', '1', 'VISA', 1100),
(1232, 259, 'EUR', '5294********5980', '1', 'AE', 1283),
(1233, -318, 'EUR', '7899********5511', '1', 'VISA', 401),
(1234, -396, 'EUR', '1284********4376', '1', 'MC', 937),
(1235, -70, 'EUR', '7571********3321', '1', 'VISA', 1341),
(1236, 387, 'EUR', '3066********2500', '1', 'VISA', 537),
(1237, 962, 'EUR', '8873********1446', '1', 'MC', 1084),
(1238, 986, 'EUR', '3264********3273', '1', 'VISA', 758),
(1239, -276, 'EUR', '9220********3778', '1', 'MC', 901),
(1240, -53, 'EUR', '5061********5146', '1', 'AE', 1391),
(1241, 415, 'EUR', '7407********6510', '1', 'AE', 743),
(1242, 578, 'EUR', '1430********3538', '1', 'AE', 827),
(1243, 406, 'EUR', '3930********1367', '1', 'VISA', 400),
(1244, 209, 'EUR', '7262********6698', '1', 'MC', 665),
(1245, 442, 'EUR', '1329********3987', '1', 'AE', 945),
(1246, 164, 'EUR', '4387********5687', '1', 'MC', 1230),
(1247, 987, 'EUR', '1030********8598', '1', 'MC', 1102),
(1248, 902, 'EUR', '1415********1006', '1', 'MC', 971),
(1249, 363, 'EUR', '1535********6838', '1', 'MC', 362),
(1250, -424, 'EUR', '3333********7359', '1', 'VISA', 374),
(1251, -289, 'EUR', '2560********3912', '1', 'AE', 386),
(1252, 148, 'EUR', '4598********7073', '1', 'AE', 410),
(1253, 88, 'EUR', '9130********5241', '1', 'MC', 824),
(1254, -338, 'EUR', '7749********4547', '1', 'MC', 1244),
(1255, 432, 'EUR', '2668********3680', '1', 'VISA', 1109),
(1256, 960, 'EUR', '1780********3319', '1', 'AE', 1091),
(1257, 210, 'EUR', '7155********7049', '1', 'MC', 326),
(1258, 35, 'EUR', '9000********7263', '1', 'MC', 990),
(1259, 815, 'EUR', '5103********1987', '1', 'VISA', 1128),
(1260, -372, 'EUR', '7612********4272', '1', 'AE', 426),
(1261, 135, 'EUR', '1324********1455', '1', 'MC', 638),
(1262, 389, 'EUR', '7068********5255', '1', 'VISA', 132),
(1263, 145, 'EUR', '1961********2410', '1', 'MC', 717),
(1264, -150, 'EUR', '9211********3393', '1', 'VISA', 892),
(1265, 696, 'EUR', '6841********4171', '1', 'VISA', 213),
(1266, 720, 'EUR', '8327********4107', '1', 'VISA', 990),
(1267, 221, 'EUR', '8768********2449', '1', 'AE', 1367),
(1268, -360, 'EUR', '5766********7333', '1', 'MC', 41),
(1269, 471, 'EUR', '7383********4277', '1', 'AE', 1024),
(1270, 509, 'EUR', '7002********3229', '1', 'AE', 72),
(1271, -337, 'EUR', '8261********3543', '1', 'AE', 521),
(1272, 392, 'EUR', '4949********2998', '1', 'VISA', 287),
(1273, 780, 'EUR', '2333********1627', '1', 'MC', 699),
(1274, -215, 'EUR', '8756********4442', '1', 'AE', 245),
(1275, 771, 'EUR', '4563********8061', '1', 'AE', 910),
(1276, 372, 'EUR', '5489********4218', '1', 'VISA', 439),
(1277, 735, 'EUR', '8431********6307', '1', 'VISA', 718),
(1278, 423, 'EUR', '7545********3798', '1', 'AE', 787),
(1279, 104, 'EUR', '4060********4083', '1', 'AE', 159),
(1280, 384, 'EUR', '5500********6423', '1', 'MC', 987),
(1281, -42, 'EUR', '2271********5913', '1', 'MC', 641),
(1282, 887, 'EUR', '8155********4961', '1', 'AE', 774),
(1283, 139, 'EUR', '2476********7805', '1', 'VISA', 833),
(1284, 98, 'EUR', '9092********5217', '1', 'AE', 188),
(1285, 399, 'EUR', '3621********3577', '1', 'VISA', 1226),
(1286, 635, 'EUR', '8129********7865', '1', 'VISA', 232),
(1287, -95, 'EUR', '9568********9787', '1', 'MC', 1269),
(1288, 613, 'EUR', '7824********4566', '1', 'AE', 59),
(1289, -246, 'EUR', '8675********4406', '1', 'MC', 794),
(1290, -285, 'EUR', '6354********6274', '1', 'MC', 1342),
(1291, 461, 'EUR', '4949********3601', '1', 'VISA', 409),
(1292, 325, 'EUR', '3301********7188', '1', 'MC', 754),
(1293, 533, 'EUR', '2977********3073', '1', 'VISA', 922),
(1294, -336, 'EUR', '9820********3642', '1', 'VISA', 658),
(1295, 311, 'EUR', '7720********2664', '1', 'MC', 1489),
(1296, -225, 'EUR', '7697********9503', '1', 'MC', 915),
(1297, -271, 'EUR', '1520********9879', '1', 'AE', 1437),
(1298, -481, 'EUR', '1268********9111', '1', 'MC', 299),
(1299, -56, 'EUR', '4918********5752', '1', 'MC', 1227),
(1300, 361, 'EUR', '3747********8145', '1', 'MC', 369),
(1301, 380, 'EUR', '1254********9807', '1', 'VISA', 737),
(1302, 501, 'EUR', '6671********1961', '1', 'MC', 1056),
(1303, 696, 'EUR', '2235********6664', '1', 'AE', 583),
(1304, -13, 'EUR', '8259********1356', '1', 'MC', 1081),
(1305, -474, 'EUR', '4982********2656', '1', 'AE', 1264),
(1306, -252, 'EUR', '3975********4470', '1', 'AE', 1377),
(1307, 949, 'EUR', '5340********2828', '1', 'MC', 205),
(1308, 107, 'EUR', '6488********2342', '1', 'VISA', 272),
(1309, 148, 'EUR', '6851********1538', '1', 'AE', 226),
(1310, 81, 'EUR', '7035********1734', '1', 'MC', 987),
(1311, 188, 'EUR', '9036********6458', '1', 'AE', 95),
(1312, 512, 'EUR', '2014********1925', '1', 'AE', 266),
(1313, -421, 'EUR', '2151********9525', '1', 'MC', 1308),
(1314, 297, 'EUR', '6110********8487', '1', 'VISA', 207),
(1315, -88, 'EUR', '3128********5649', '1', 'AE', 977),
(1316, 243, 'EUR', '8338********5994', '1', 'AE', 1340),
(1317, -258, 'EUR', '4728********2804', '1', 'AE', 713),
(1318, -304, 'EUR', '3604********1900', '1', 'MC', 645),
(1319, 300, 'EUR', '3765********6898', '1', 'MC', 1472),
(1320, 489, 'EUR', '4897********6928', '1', 'AE', 818),
(1321, -46, 'EUR', '3151********7956', '1', 'MC', 1240),
(1322, 859, 'EUR', '7613********1007', '1', 'MC', 607),
(1323, 897, 'EUR', '5626********2925', '1', 'MC', 1257),
(1324, 524, 'EUR', '8353********8668', '1', 'MC', 471),
(1325, 333, 'EUR', '7508********2975', '1', 'MC', 500),
(1326, 856, 'EUR', '3838********2076', '1', 'AE', 326),
(1327, 615, 'EUR', '4570********6227', '1', 'VISA', 169),
(1328, -70, 'EUR', '7164********3319', '1', 'AE', 1429),
(1329, 733, 'EUR', '5481********8889', '1', 'AE', 262),
(1330, 420, 'EUR', '9864********1607', '1', 'MC', 777),
(1331, 612, 'EUR', '5162********2901', '1', 'MC', 1090),
(1332, 319, 'EUR', '1293********5700', '1', 'MC', 565),
(1333, -126, 'EUR', '3208********6326', '1', 'MC', 1383),
(1334, -137, 'EUR', '1667********4340', '1', 'VISA', 357),
(1335, 777, 'EUR', '2712********3950', '1', 'AE', 563),
(1336, 742, 'EUR', '9730********5623', '1', 'VISA', 1414),
(1337, -127, 'EUR', '7151********5572', '1', 'AE', 1262),
(1338, -346, 'EUR', '1414********8366', '1', 'VISA', 246),
(1339, -42, 'EUR', '1548********6457', '1', 'VISA', 1279),
(1340, 67, 'EUR', '8213********1782', '1', 'AE', 1485),
(1341, 964, 'EUR', '3567********3674', '1', 'AE', 1301),
(1342, 652, 'EUR', '4268********6341', '1', 'MC', 200),
(1343, -143, 'EUR', '6817********7339', '1', 'VISA', 958),
(1344, -229, 'EUR', '4598********4571', '1', 'VISA', 735),
(1345, -53, 'EUR', '4743********9663', '1', 'MC', 701),
(1346, 743, 'EUR', '5792********8641', '1', 'MC', 1024),
(1347, -500, 'EUR', '6905********1402', '1', 'VISA', 932),
(1348, 72, 'EUR', '5265********5677', '1', 'AE', 236),
(1349, -121, 'EUR', '4145********2002', '1', 'VISA', 713),
(1350, -439, 'EUR', '2137********4418', '1', 'MC', 443),
(1351, -179, 'EUR', '1401********3876', '1', 'AE', 501),
(1352, 688, 'EUR', '1809********5939', '1', 'MC', 910),
(1353, 503, 'EUR', '9821********8461', '1', 'AE', 1376),
(1354, 713, 'EUR', '5314********8360', '1', 'MC', 681),
(1355, 392, 'EUR', '5115********4813', '1', 'VISA', 1439),
(1356, 734, 'EUR', '1456********5194', '1', 'MC', 171),
(1357, 392, 'EUR', '2035********7574', '1', 'AE', 592),
(1358, -226, 'EUR', '4622********3447', '1', 'MC', 1375),
(1359, 354, 'EUR', '3546********6030', '1', 'MC', 1198),
(1360, -307, 'EUR', '1348********1104', '1', 'AE', 43),
(1361, 58, 'EUR', '9279********7491', '1', 'VISA', 1461),
(1362, 768, 'EUR', '2060********8389', '1', 'AE', 1424),
(1363, -204, 'EUR', '9783********1001', '1', 'VISA', 1194),
(1364, -268, 'EUR', '9681********7653', '1', 'VISA', 437),
(1365, -124, 'EUR', '3710********8514', '1', 'AE', 1173),
(1366, -489, 'EUR', '7709********2100', '1', 'AE', 475),
(1367, 954, 'EUR', '2744********5381', '1', 'VISA', 103),
(1368, 86, 'EUR', '4061********8061', '1', 'VISA', 254),
(1369, -115, 'EUR', '2342********1419', '1', 'VISA', 799),
(1370, 21, 'EUR', '5922********1401', '1', 'MC', 591),
(1371, 566, 'EUR', '3809********7537', '1', 'VISA', 842),
(1372, 144, 'EUR', '3274********8233', '1', 'VISA', 207),
(1373, -466, 'EUR', '8191********3744', '1', 'VISA', 968),
(1374, -84, 'EUR', '7281********9758', '1', 'AE', 694),
(1375, -366, 'EUR', '1580********6628', '1', 'VISA', 808),
(1376, -242, 'EUR', '1303********1303', '1', 'VISA', 1312),
(1377, -417, 'EUR', '8376********5981', '1', 'VISA', 878),
(1378, 420, 'EUR', '5339********9700', '1', 'VISA', 1140),
(1379, -76, 'EUR', '9391********2601', '1', 'VISA', 1087),
(1380, -389, 'EUR', '5138********3712', '1', 'VISA', 1304),
(1381, 462, 'EUR', '8981********3701', '1', 'AE', 936),
(1382, 193, 'EUR', '2188********2666', '1', 'VISA', 423),
(1383, 65, 'EUR', '3747********7906', '1', 'VISA', 362),
(1384, -219, 'EUR', '2545********6456', '1', 'MC', 505),
(1385, 706, 'EUR', '8824********1879', '1', 'VISA', 619),
(1386, -70, 'EUR', '8645********5419', '1', 'MC', 175),
(1387, 807, 'EUR', '4549********7034', '1', 'AE', 485),
(1388, 338, 'EUR', '3548********4761', '1', 'MC', 854),
(1389, 928, 'EUR', '1831********3268', '1', 'AE', 1041),
(1390, -209, 'EUR', '6738********4361', '1', 'VISA', 353),
(1391, -344, 'EUR', '7809********2738', '1', 'MC', 1375),
(1392, -314, 'EUR', '2637********5372', '1', 'AE', 138),
(1393, 947, 'EUR', '9738********1281', '1', 'VISA', 1449),
(1394, 548, 'EUR', '2284********6211', '1', 'VISA', 509),
(1395, -415, 'EUR', '9480********3837', '1', 'MC', 1263),
(1396, -59, 'EUR', '7421********8707', '1', 'MC', 639),
(1397, -316, 'EUR', '7531********9813', '1', 'VISA', 1441),
(1398, 64, 'EUR', '3303********4324', '1', 'VISA', 477),
(1399, 609, 'EUR', '1352********6660', '1', 'AE', 560),
(1400, 998, 'EUR', '4176********5333', '1', 'VISA', 680),
(1401, 822, 'EUR', '2772********5662', '1', 'VISA', 320),
(1402, 8, 'EUR', '6137********5566', '1', 'AE', 1110),
(1403, 992, 'EUR', '9944********9116', '1', 'MC', 1040),
(1404, 922, 'EUR', '7586********2433', '1', 'MC', 709),
(1405, -419, 'EUR', '7284********8475', '1', 'VISA', 947),
(1406, -227, 'EUR', '4712********4862', '1', 'VISA', 733),
(1407, -84, 'EUR', '8365********7287', '1', 'MC', 847),
(1408, -277, 'EUR', '8319********2688', '1', 'AE', 946),
(1409, 141, 'EUR', '4382********6162', '1', 'VISA', 638),
(1410, 532, 'EUR', '4056********6899', '1', 'VISA', 1243),
(1411, 633, 'EUR', '9137********5984', '1', 'VISA', 1287),
(1412, 973, 'EUR', '6343********8010', '1', 'MC', 1488),
(1413, -332, 'EUR', '1239********7425', '1', 'MC', 897),
(1414, 954, 'EUR', '3991********5730', '1', 'VISA', 1490),
(1415, 773, 'EUR', '4564********1281', '1', 'AE', 276),
(1416, 60, 'EUR', '9056********5726', '1', 'MC', 1477),
(1417, 142, 'EUR', '3611********5475', '1', 'VISA', 1204),
(1418, 381, 'EUR', '8089********4312', '1', 'AE', 997),
(1419, 992, 'EUR', '3725********3421', '1', 'VISA', 1388),
(1420, -365, 'EUR', '5227********5734', '1', 'MC', 763),
(1421, 504, 'EUR', '5105********4702', '1', 'MC', 487),
(1422, -163, 'EUR', '3011********5829', '1', 'MC', 22),
(1423, 598, 'EUR', '8948********5337', '1', 'VISA', 28),
(1424, 573, 'EUR', '2048********8699', '1', 'AE', 1347),
(1425, 607, 'EUR', '7930********7540', '1', 'MC', 332),
(1426, -126, 'EUR', '5324********9949', '1', 'MC', 526),
(1427, 227, 'EUR', '9074********5655', '1', 'AE', 709),
(1428, 249, 'EUR', '6064********5608', '1', 'AE', 899),
(1429, 493, 'EUR', '6167********5718', '1', 'MC', 1195),
(1430, 492, 'EUR', '1706********5166', '1', 'AE', 154),
(1431, 738, 'EUR', '7897********4281', '1', 'MC', 758),
(1432, -457, 'EUR', '9859********6212', '1', 'AE', 1222),
(1433, 392, 'EUR', '6164********1444', '1', 'AE', 566),
(1434, 391, 'EUR', '3827********7964', '1', 'VISA', 1318),
(1435, 790, 'EUR', '2988********5116', '1', 'AE', 660),
(1436, 646, 'EUR', '9544********6251', '1', 'VISA', 810),
(1437, 146, 'EUR', '2068********6679', '1', 'AE', 1468),
(1438, -294, 'EUR', '2715********2387', '1', 'MC', 646),
(1439, 500, 'EUR', '2990********8000', '1', 'MC', 1001),
(1440, 751, 'EUR', '2002********4958', '1', 'AE', 887),
(1441, -93, 'EUR', '3034********8692', '1', 'VISA', 406),
(1442, 515, 'EUR', '5886********6859', '1', 'AE', 762),
(1443, 403, 'EUR', '9665********6426', '1', 'VISA', 289),
(1444, 524, 'EUR', '1843********1540', '1', 'VISA', 270),
(1445, 166, 'EUR', '1879********7091', '1', 'MC', 203),
(1446, -201, 'EUR', '6478********5956', '1', 'VISA', 48),
(1447, -180, 'EUR', '6913********7040', '1', 'VISA', 384),
(1448, 6, 'EUR', '8353********5712', '1', 'AE', 1311),
(1449, 155, 'EUR', '2979********6863', '1', 'MC', 507),
(1450, 178, 'EUR', '9041********6304', '1', 'AE', 354),
(1451, 168, 'EUR', '1088********5619', '1', 'AE', 1354),
(1452, 743, 'EUR', '8000********4848', '1', 'MC', 786),
(1453, -421, 'EUR', '3154********7048', '1', 'AE', 745),
(1454, 491, 'EUR', '6562********9274', '1', 'AE', 299),
(1455, -270, 'EUR', '7838********7517', '1', 'AE', 490),
(1456, 668, 'EUR', '2341********6524', '1', 'AE', 695),
(1457, -319, 'EUR', '5656********5555', '1', 'VISA', 60),
(1458, -404, 'EUR', '9212********9617', '1', 'VISA', 1117),
(1459, 731, 'EUR', '6943********7447', '1', 'AE', 1172),
(1460, -184, 'EUR', '5629********6535', '1', 'AE', 101),
(1461, 262, 'EUR', '8537********3017', '1', 'MC', 1416),
(1462, -334, 'EUR', '5014********4273', '1', 'AE', 121),
(1463, -355, 'EUR', '7610********3387', '1', 'MC', 172),
(1464, -70, 'EUR', '1485********4574', '1', 'VISA', 736),
(1465, 900, 'EUR', '6686********8586', '1', 'MC', 227),
(1466, 826, 'EUR', '3053********4336', '1', 'MC', 1188),
(1467, 679, 'EUR', '9496********5949', '1', 'MC', 869),
(1468, 994, 'EUR', '9427********8150', '1', 'VISA', 1054),
(1469, 233, 'EUR', '1414********4266', '1', 'AE', 1265),
(1470, 567, 'EUR', '1473********5210', '1', 'VISA', 1325),
(1471, 870, 'EUR', '8586********3646', '1', 'VISA', 675),
(1472, 502, 'EUR', '1694********4486', '1', 'AE', 1154),
(1473, -340, 'EUR', '5707********1624', '1', 'AE', 898),
(1474, 383, 'EUR', '8236********9468', '1', 'MC', 710),
(1475, 476, 'EUR', '7558********2949', '1', 'MC', 845),
(1476, 967, 'EUR', '4151********5064', '1', 'AE', 1080),
(1477, -127, 'EUR', '1646********7735', '1', 'MC', 321),
(1478, -426, 'EUR', '5314********6888', '1', 'AE', 1220),
(1479, 876, 'EUR', '5780********3406', '1', 'MC', 763),
(1480, -24, 'EUR', '1867********2454', '1', 'VISA', 549),
(1481, 691, 'EUR', '3614********8261', '1', 'MC', 1361),
(1482, 308, 'EUR', '7315********2363', '1', 'MC', 391),
(1483, 69, 'EUR', '5757********1093', '1', 'VISA', 722),
(1484, 236, 'EUR', '4082********3224', '1', 'MC', 1229),
(1485, 969, 'EUR', '4558********4907', '1', 'VISA', 477),
(1486, 324, 'EUR', '7665********5862', '1', 'AE', 1483),
(1487, -379, 'EUR', '9865********3150', '1', 'MC', 1061),
(1488, 117, 'EUR', '4094********9267', '1', 'VISA', 710),
(1489, 805, 'EUR', '2411********5471', '1', 'VISA', 1440),
(1490, 328, 'EUR', '8554********5339', '1', 'VISA', 123),
(1491, 108, 'EUR', '4650********8064', '1', 'VISA', 324),
(1492, 489, 'EUR', '5808********6863', '1', 'AE', 399),
(1493, 852, 'EUR', '4546********8952', '1', 'AE', 726),
(1494, 985, 'EUR', '3504********1347', '1', 'MC', 190),
(1495, -199, 'EUR', '1151********2908', '1', 'VISA', 841),
(1496, -367, 'EUR', '1005********8744', '1', 'VISA', 1402),
(1497, -329, 'EUR', '5629********9616', '1', 'AE', 978),
(1498, 266, 'EUR', '5106********2400', '1', 'VISA', 274),
(1499, 462, 'EUR', '6911********8385', '1', 'VISA', 768),
(1500, 644, 'EUR', '7574********3910', '1', 'MC', 1186),
(1501, 641, 'EUR', '9618********7560', '1', 'MC', 1132),
(1502, -331, 'EUR', '8976********4034', '1', 'AE', 1121),
(1503, 419, 'EUR', '6839********1131', '1', 'VISA', 685),
(1504, 42, 'EUR', '4378********9161', '1', 'AE', 1039),
(1505, 632, 'EUR', '9882********4867', '1', 'AE', 430),
(1506, -465, 'EUR', '8201********1370', '1', 'VISA', 555),
(1507, 557, 'EUR', '6857********8651', '1', 'VISA', 230),
(1508, 955, 'EUR', '6306********2764', '1', 'VISA', 1479),
(1509, -21, 'EUR', '1867********9664', '1', 'AE', 659),
(1510, -152, 'EUR', '1201********6348', '1', 'VISA', 763),
(1511, 557, 'EUR', '6645********1956', '1', 'AE', 196),
(1512, 73, 'EUR', '6772********2863', '1', 'VISA', 499),
(1513, 216, 'EUR', '9011********1547', '1', 'MC', 196),
(1514, 914, 'EUR', '7102********8827', '1', 'AE', 1016),
(1515, 320, 'EUR', '3919********6822', '1', 'AE', 527),
(1516, 925, 'EUR', '6304********2751', '1', 'MC', 266),
(1517, 941, 'EUR', '5441********3013', '1', 'VISA', 492),
(1518, -494, 'EUR', '5519********1861', '1', 'MC', 1318),
(1519, 473, 'EUR', '7994********4405', '1', 'MC', 863),
(1520, 870, 'EUR', '5298********3318', '1', 'MC', 460),
(1521, -295, 'EUR', '7096********7509', '1', 'VISA', 1431),
(1522, 789, 'EUR', '9106********6967', '1', 'AE', 1231),
(1523, -129, 'EUR', '5214********3274', '1', 'AE', 14),
(1524, 172, 'EUR', '6564********9212', '1', 'VISA', 787),
(1525, 538, 'EUR', '5379********9029', '1', 'MC', 310),
(1526, 852, 'EUR', '9218********2375', '1', 'AE', 860),
(1527, -163, 'EUR', '9239********4736', '1', 'MC', 1400),
(1528, 928, 'EUR', '3009********3608', '1', 'VISA', 1447),
(1529, -414, 'EUR', '2719********3921', '1', 'MC', 103),
(1530, 475, 'EUR', '9884********3326', '1', 'MC', 67),
(1531, -378, 'EUR', '6770********1061', '1', 'MC', 583),
(1532, 403, 'EUR', '3795********9533', '1', 'AE', 255),
(1533, 373, 'EUR', '5659********9689', '1', 'VISA', 374),
(1534, 320, 'EUR', '5396********9720', '1', 'AE', 121),
(1535, 759, 'EUR', '6589********1097', '1', 'AE', 1388),
(1536, -146, 'EUR', '5832********5293', '1', 'MC', 1058),
(1537, -4, 'EUR', '5048********1071', '1', 'VISA', 460),
(1538, 139, 'EUR', '9042********6209', '1', 'AE', 1434),
(1539, 438, 'EUR', '2550********3004', '1', 'MC', 810),
(1540, 110, 'EUR', '1802********3935', '1', 'MC', 16),
(1541, 175, 'EUR', '7847********6627', '1', 'MC', 165),
(1542, 538, 'EUR', '4011********7329', '1', 'VISA', 903),
(1543, 311, 'EUR', '7234********3954', '1', 'VISA', 1077),
(1544, 913, 'EUR', '5671********7684', '1', 'VISA', 985),
(1545, 495, 'EUR', '9278********5890', '1', 'VISA', 881),
(1546, -117, 'EUR', '7834********9784', '1', 'VISA', 411),
(1547, 399, 'EUR', '6912********5366', '1', 'AE', 286),
(1548, 165, 'EUR', '9960********2656', '1', 'VISA', 261),
(1549, 268, 'EUR', '6290********4141', '1', 'MC', 1384),
(1550, -354, 'EUR', '8783********1529', '1', 'MC', 1429),
(1551, 784, 'EUR', '3818********6266', '1', 'AE', 260),
(1552, 979, 'EUR', '7971********7798', '1', 'AE', 1058),
(1553, 49, 'EUR', '7821********7760', '1', 'MC', 1412),
(1554, 970, 'EUR', '4035********2167', '1', 'MC', 143),
(1555, 43, 'EUR', '9394********3539', '1', 'VISA', 494),
(1556, 582, 'EUR', '9633********7669', '1', 'AE', 1258),
(1557, 843, 'EUR', '1332********3626', '1', 'MC', 879),
(1558, 815, 'EUR', '6808********2893', '1', 'MC', 395),
(1559, 11, 'EUR', '7867********5443', '1', 'AE', 1188),
(1560, 797, 'EUR', '9618********5135', '1', 'AE', 640),
(1561, 805, 'EUR', '6018********1882', '1', 'MC', 1123),
(1562, 194, 'EUR', '6045********1386', '1', 'VISA', 1322),
(1563, 352, 'EUR', '3882********4253', '1', 'AE', 945),
(1564, 714, 'EUR', '7366********2034', '1', 'AE', 642),
(1565, -194, 'EUR', '5656********8619', '1', 'MC', 157),
(1566, -434, 'EUR', '5452********7456', '1', 'VISA', 1478),
(1567, 667, 'EUR', '2376********8666', '1', 'VISA', 565),
(1568, 478, 'EUR', '1793********8359', '1', 'AE', 825),
(1569, 876, 'EUR', '3582********1197', '1', 'AE', 1483),
(1570, -477, 'EUR', '9222********5569', '1', 'MC', 980),
(1571, -312, 'EUR', '6158********6497', '1', 'AE', 195),
(1572, 299, 'EUR', '1994********5722', '1', 'MC', 911),
(1573, -426, 'EUR', '8183********1270', '1', 'VISA', 192),
(1574, 154, 'EUR', '3808********8944', '1', 'VISA', 462),
(1575, 168, 'EUR', '9706********3336', '1', 'MC', 368),
(1576, 354, 'EUR', '9026********8559', '1', 'MC', 145),
(1577, 812, 'EUR', '3779********5313', '1', 'VISA', 1183),
(1578, 648, 'EUR', '7590********8781', '1', 'VISA', 1148),
(1579, 888, 'EUR', '5813********3857', '1', 'VISA', 63),
(1580, -410, 'EUR', '9080********6418', '1', 'VISA', 1089),
(1581, 702, 'EUR', '3706********3160', '1', 'MC', 776),
(1582, -362, 'EUR', '9912********7168', '1', 'AE', 1090),
(1583, 953, 'EUR', '1022********6185', '1', 'VISA', 110),
(1584, 649, 'EUR', '2218********8684', '1', 'AE', 477),
(1585, 936, 'EUR', '8330********3757', '1', 'AE', 537),
(1586, 578, 'EUR', '6000********3988', '1', 'VISA', 769),
(1587, 951, 'EUR', '2833********5082', '1', 'MC', 112),
(1588, -125, 'EUR', '2373********3069', '1', 'AE', 1246),
(1589, 967, 'EUR', '2922********4599', '1', 'VISA', 472),
(1590, 903, 'EUR', '8942********5525', '1', 'VISA', 24),
(1591, -455, 'EUR', '5849********9064', '1', 'AE', 993),
(1592, 828, 'EUR', '4292********1994', '1', 'MC', 34),
(1593, -333, 'EUR', '9493********3864', '1', 'MC', 443),
(1594, 171, 'EUR', '4548********6444', '1', 'AE', 6),
(1595, 360, 'EUR', '9084********8332', '1', 'MC', 52),
(1596, 665, 'EUR', '5361********4683', '1', 'MC', 428),
(1597, -241, 'EUR', '5731********6928', '1', 'VISA', 1091),
(1598, 122, 'EUR', '2248********7276', '1', 'VISA', 1032),
(1599, 859, 'EUR', '5322********8013', '1', 'MC', 1020),
(1600, 495, 'EUR', '5144********3607', '1', 'AE', 1358),
(1601, 457, 'EUR', '2886********4933', '1', 'VISA', 328),
(1602, -438, 'EUR', '1826********3738', '1', 'AE', 1037),
(1603, 12, 'EUR', '9751********7056', '1', 'VISA', 102),
(1604, -304, 'EUR', '9051********1987', '1', 'AE', 535),
(1605, 433, 'EUR', '2030********9557', '1', 'MC', 115),
(1606, 681, 'EUR', '7302********6767', '1', 'MC', 588),
(1607, 606, 'EUR', '5204********7626', '1', 'AE', 1380),
(1608, -429, 'EUR', '3220********6925', '1', 'VISA', 314),
(1609, -290, 'EUR', '3597********5098', '1', 'VISA', 758),
(1610, -390, 'EUR', '4819********9850', '1', 'MC', 1033),
(1611, -233, 'EUR', '3519********6563', '1', 'AE', 1474),
(1612, 572, 'EUR', '8944********1314', '1', 'MC', 499),
(1613, 58, 'EUR', '3212********2383', '1', 'AE', 7),
(1614, 610, 'EUR', '9633********3698', '1', 'AE', 994),
(1615, 710, 'EUR', '5309********1530', '1', 'AE', 694),
(1616, -494, 'EUR', '3667********3572', '1', 'VISA', 290),
(1617, -293, 'EUR', '5825********4054', '1', 'AE', 736),
(1618, 186, 'EUR', '9715********7282', '1', 'MC', 635),
(1619, 934, 'EUR', '2467********3043', '1', 'MC', 907),
(1620, -89, 'EUR', '5197********5351', '1', 'AE', 633),
(1621, 91, 'EUR', '1263********1642', '1', 'MC', 1401),
(1622, 39, 'EUR', '5521********7526', '1', 'VISA', 417),
(1623, -425, 'EUR', '1209********6608', '1', 'AE', 749),
(1624, 98, 'EUR', '7227********4004', '1', 'VISA', 389),
(1625, -452, 'EUR', '2098********7419', '1', 'VISA', 914),
(1626, -279, 'EUR', '9993********9803', '1', 'MC', 1140),
(1627, -337, 'EUR', '3051********9824', '1', 'VISA', 315),
(1628, 735, 'EUR', '4944********3003', '1', 'MC', 1250),
(1629, 85, 'EUR', '6110********6075', '1', 'VISA', 40),
(1630, -87, 'EUR', '4754********1347', '1', 'VISA', 1140),
(1631, -134, 'EUR', '9480********1117', '1', 'MC', 57),
(1632, 580, 'EUR', '6799********3425', '1', 'VISA', 815),
(1633, -56, 'EUR', '8710********3298', '1', 'MC', 538),
(1634, 879, 'EUR', '4144********8252', '1', 'VISA', 1137),
(1635, -424, 'EUR', '2936********9929', '1', 'AE', 18),
(1636, 135, 'EUR', '2234********8134', '1', 'VISA', 409),
(1637, 673, 'EUR', '2995********5469', '1', 'VISA', 1069),
(1638, 369, 'EUR', '2867********2881', '1', 'MC', 963),
(1639, -170, 'EUR', '9945********8302', '1', 'AE', 454),
(1640, -284, 'EUR', '2726********1549', '1', 'MC', 39),
(1641, 381, 'EUR', '2067********2255', '1', 'VISA', 1157),
(1642, 0, 'EUR', '9200********7504', '1', 'AE', 870),
(1643, -353, 'EUR', '3098********2034', '1', 'VISA', 100),
(1644, 797, 'EUR', '8158********3683', '1', 'MC', 315),
(1645, -51, 'EUR', '3723********2006', '1', 'AE', 1326),
(1646, 173, 'EUR', '3893********1211', '1', 'MC', 1089),
(1647, 747, 'EUR', '2404********7132', '1', 'MC', 384),
(1648, 136, 'EUR', '4843********6596', '1', 'AE', 238),
(1649, -147, 'EUR', '4863********4115', '1', 'MC', 425),
(1650, -107, 'EUR', '9472********5642', '1', 'VISA', 375),
(1651, -291, 'EUR', '8241********4016', '1', 'MC', 585),
(1652, -492, 'EUR', '7085********2025', '1', 'AE', 727),
(1653, 322, 'EUR', '6173********2722', '1', 'AE', 1349),
(1654, 630, 'EUR', '8781********3067', '1', 'VISA', 561),
(1655, 867, 'EUR', '9056********3541', '1', 'AE', 1462),
(1656, 107, 'EUR', '5892********3700', '1', 'MC', 20),
(1657, 195, 'EUR', '8659********1982', '1', 'AE', 597),
(1658, -270, 'EUR', '8031********6001', '1', 'MC', 1187),
(1659, 959, 'EUR', '7977********6368', '1', 'AE', 221),
(1660, -404, 'EUR', '9571********7774', '1', 'VISA', 139),
(1661, -177, 'EUR', '7859********3878', '1', 'VISA', 1246),
(1662, -434, 'EUR', '7308********4937', '1', 'MC', 953),
(1663, -52, 'EUR', '4138********7386', '1', 'VISA', 473),
(1664, 805, 'EUR', '5017********3952', '1', 'MC', 411),
(1665, -163, 'EUR', '2179********4922', '1', 'VISA', 840),
(1666, 927, 'EUR', '7031********3348', '1', 'AE', 1215),
(1667, -281, 'EUR', '7293********8946', '1', 'MC', 1028),
(1668, -76, 'EUR', '5048********1568', '1', 'AE', 132),
(1669, 981, 'EUR', '4575********1594', '1', 'MC', 1403),
(1670, -463, 'EUR', '8401********4300', '1', 'MC', 935),
(1671, 551, 'EUR', '1395********1503', '1', 'AE', 728),
(1672, -199, 'EUR', '9367********8632', '1', 'VISA', 1326),
(1673, 36, 'EUR', '6281********6530', '1', 'VISA', 251),
(1674, 83, 'EUR', '4546********4619', '1', 'AE', 1139),
(1675, 383, 'EUR', '1912********1415', '1', 'AE', 1380),
(1676, 461, 'EUR', '3092********6731', '1', 'AE', 1453),
(1677, 906, 'EUR', '8457********4368', '1', 'VISA', 441),
(1678, 377, 'EUR', '7829********7499', '1', 'MC', 510),
(1679, 746, 'EUR', '6681********2940', '1', 'VISA', 1106),
(1680, -76, 'EUR', '1082********5833', '1', 'VISA', 222),
(1681, 680, 'EUR', '6627********9915', '1', 'MC', 649),
(1682, 920, 'EUR', '6658********6589', '1', 'VISA', 1002),
(1683, 604, 'EUR', '6643********1749', '1', 'MC', 800),
(1684, 700, 'EUR', '3134********8443', '1', 'AE', 797),
(1685, 585, 'EUR', '8671********9958', '1', 'MC', 1175),
(1686, 480, 'EUR', '8712********5512', '1', 'VISA', 9),
(1687, 542, 'EUR', '5319********2702', '1', 'AE', 681),
(1688, 961, 'EUR', '4804********4505', '1', 'VISA', 1085),
(1689, 866, 'EUR', '7053********6000', '1', 'MC', 1290),
(1690, 764, 'EUR', '4367********5240', '1', 'VISA', 1086),
(1691, -199, 'EUR', '9998********4110', '1', 'VISA', 169),
(1692, -380, 'EUR', '1156********8059', '1', 'VISA', 150),
(1693, -77, 'EUR', '6849********6451', '1', 'AE', 240),
(1694, -447, 'EUR', '3577********1415', '1', 'AE', 954),
(1695, -176, 'EUR', '3199********5098', '1', 'AE', 493),
(1696, 587, 'EUR', '8524********7632', '1', 'MC', 505),
(1697, 44, 'EUR', '3714********2379', '1', 'MC', 939),
(1698, -136, 'EUR', '5574********1813', '1', 'VISA', 929),
(1699, -299, 'EUR', '6765********7884', '1', 'AE', 552),
(1700, 482, 'EUR', '7522********1428', '1', 'VISA', 1040),
(1701, -498, 'EUR', '2876********7896', '1', 'MC', 51),
(1702, -31, 'EUR', '3355********9976', '1', 'MC', 839),
(1703, 731, 'EUR', '6698********7017', '1', 'MC', 292),
(1704, 560, 'EUR', '7648********3351', '1', 'MC', 657),
(1705, 180, 'EUR', '7172********1044', '1', 'AE', 1079),
(1706, -218, 'EUR', '8921********8769', '1', 'MC', 976),
(1707, -80, 'EUR', '6888********7233', '1', 'VISA', 208),
(1708, 589, 'EUR', '8817********7140', '1', 'AE', 625),
(1709, -402, 'EUR', '8898********1821', '1', 'VISA', 233),
(1710, -177, 'EUR', '7519********3636', '1', 'MC', 768),
(1711, 658, 'EUR', '6043********4553', '1', 'VISA', 650),
(1712, 823, 'EUR', '6660********8910', '1', 'AE', 494),
(1713, 523, 'EUR', '7750********1917', '1', 'AE', 1341),
(1714, 832, 'EUR', '3480********1796', '1', 'VISA', 1463),
(1715, -500, 'EUR', '1981********8375', '1', 'AE', 174),
(1716, 178, 'EUR', '5134********7399', '1', 'AE', 643),
(1717, 68, 'EUR', '8394********1356', '1', 'AE', 445),
(1718, 186, 'EUR', '2245********4478', '1', 'VISA', 119),
(1719, 925, 'EUR', '2466********6738', '1', 'MC', 1248),
(1720, 234, 'EUR', '5888********3536', '1', 'AE', 61),
(1721, 762, 'EUR', '5565********6376', '1', 'AE', 516),
(1722, 360, 'EUR', '9368********6470', '1', 'AE', 1378),
(1723, 631, 'EUR', '4198********3361', '1', 'MC', 570),
(1724, -113, 'EUR', '5582********1580', '1', 'VISA', 1330),
(1725, -488, 'EUR', '1674********4413', '1', 'AE', 1160),
(1726, 449, 'EUR', '6920********9316', '1', 'MC', 1144),
(1727, -269, 'EUR', '4780********6743', '1', 'MC', 1367),
(1728, 359, 'EUR', '1267********4954', '1', 'VISA', 1484),
(1729, 435, 'EUR', '3063********2279', '1', 'AE', 1080),
(1730, 918, 'EUR', '1219********7013', '1', 'AE', 803),
(1731, 511, 'EUR', '5426********3686', '1', 'VISA', 324),
(1732, -387, 'EUR', '4240********4483', '1', 'MC', 642),
(1733, -425, 'EUR', '2819********8347', '1', 'MC', 1045),
(1734, 116, 'EUR', '6445********4859', '1', 'VISA', 961),
(1735, 393, 'EUR', '8610********3891', '1', 'MC', 962),
(1736, -283, 'EUR', '2839********3937', '1', 'AE', 940),
(1737, -330, 'EUR', '1856********6062', '1', 'MC', 1126),
(1738, -183, 'EUR', '2109********9434', '1', 'VISA', 295),
(1739, -293, 'EUR', '6113********5671', '1', 'MC', 918),
(1740, 549, 'EUR', '2641********6893', '1', 'AE', 1338),
(1741, 132, 'EUR', '1702********3081', '1', 'AE', 778),
(1742, -360, 'EUR', '9283********1856', '1', 'AE', 1289),
(1743, 365, 'EUR', '5288********9942', '1', 'MC', 1115),
(1744, 440, 'EUR', '2774********9361', '1', 'AE', 1159),
(1745, 95, 'EUR', '4234********5667', '1', 'AE', 1388),
(1746, -297, 'EUR', '2962********4268', '1', 'AE', 50),
(1747, 811, 'EUR', '4494********1440', '1', 'MC', 15),
(1748, -120, 'EUR', '2945********3401', '1', 'AE', 1106),
(1749, 430, 'EUR', '1130********2627', '1', 'AE', 1184),
(1750, -210, 'EUR', '8072********6546', '1', 'VISA', 28),
(1751, 659, 'EUR', '9021********9705', '1', 'MC', 1210),
(1752, -350, 'EUR', '7086********9878', '1', 'MC', 1054),
(1753, -243, 'EUR', '1634********5770', '1', 'AE', 244),
(1754, -177, 'EUR', '2582********2706', '1', 'VISA', 831),
(1755, 822, 'EUR', '1309********4028', '1', 'MC', 1422),
(1756, 782, 'EUR', '9955********3113', '1', 'VISA', 24),
(1757, 144, 'EUR', '9626********8396', '1', 'AE', 889),
(1758, -442, 'EUR', '2734********9942', '1', 'MC', 1276),
(1759, -79, 'EUR', '7786********9628', '1', 'AE', 939),
(1760, 901, 'EUR', '5854********1952', '1', 'AE', 1052),
(1761, -206, 'EUR', '7281********7194', '1', 'AE', 601),
(1762, 380, 'EUR', '7142********9302', '1', 'AE', 460),
(1763, -204, 'EUR', '4165********9788', '1', 'AE', 447),
(1764, 381, 'EUR', '9809********9636', '1', 'VISA', 94),
(1765, 720, 'EUR', '8796********4050', '1', 'MC', 1453),
(1766, 510, 'EUR', '5538********9109', '1', 'MC', 195),
(1767, 91, 'EUR', '6687********2067', '1', 'AE', 1420),
(1768, -90, 'EUR', '9154********3322', '1', 'MC', 1009),
(1769, 625, 'EUR', '2994********3346', '1', 'VISA', 253),
(1770, -135, 'EUR', '6399********7028', '1', 'MC', 58),
(1771, -324, 'EUR', '6741********9862', '1', 'MC', 732),
(1772, 285, 'EUR', '6520********3873', '1', 'VISA', 846),
(1773, 216, 'EUR', '3534********1192', '1', 'MC', 1497),
(1774, 541, 'EUR', '1236********9089', '1', 'MC', 416),
(1775, -14, 'EUR', '6501********5233', '1', 'VISA', 1110),
(1776, 914, 'EUR', '9106********9137', '1', 'MC', 1116),
(1777, 787, 'EUR', '9848********1069', '1', 'MC', 1180),
(1778, 797, 'EUR', '6253********3319', '1', 'AE', 995),
(1779, -305, 'EUR', '4377********2793', '1', 'AE', 295),
(1780, 669, 'EUR', '7364********3926', '1', 'VISA', 371),
(1781, 864, 'EUR', '5256********2158', '1', 'AE', 325),
(1782, -21, 'EUR', '7814********9336', '1', 'VISA', 815),
(1783, -400, 'EUR', '9088********4805', '1', 'VISA', 137),
(1784, -201, 'EUR', '3177********3571', '1', 'MC', 466),
(1785, -105, 'EUR', '2047********1565', '1', 'VISA', 402),
(1786, -259, 'EUR', '3379********3081', '1', 'AE', 25),
(1787, 800, 'EUR', '8224********8818', '1', 'VISA', 802),
(1788, 951, 'EUR', '6190********9664', '1', 'MC', 899),
(1789, -476, 'EUR', '2049********1401', '1', 'VISA', 887),
(1790, -429, 'EUR', '3086********8003', '1', 'AE', 1376),
(1791, 635, 'EUR', '8713********1284', '1', 'AE', 345),
(1792, -422, 'EUR', '3829********7473', '1', 'AE', 149),
(1793, 849, 'EUR', '2849********3149', '1', 'MC', 101),
(1794, -319, 'EUR', '4388********9949', '1', 'MC', 1108),
(1795, -346, 'EUR', '9836********3730', '1', 'VISA', 635),
(1796, 677, 'EUR', '6902********5408', '1', 'VISA', 111),
(1797, -424, 'EUR', '6968********3037', '1', 'AE', 7),
(1798, 150, 'EUR', '4497********7404', '1', 'VISA', 385),
(1799, 384, 'EUR', '4894********7241', '1', 'MC', 105),
(1800, 279, 'EUR', '7545********5208', '1', 'MC', 166),
(1801, 600, 'EUR', '9482********4569', '1', 'VISA', 389),
(1802, -49, 'EUR', '9068********4496', '1', 'MC', 413),
(1803, 19, 'EUR', '1495********7166', '1', 'MC', 1085),
(1804, 966, 'EUR', '7740********4963', '1', 'VISA', 1409),
(1805, 939, 'EUR', '2991********3636', '1', 'AE', 826),
(1806, 624, 'EUR', '7286********2263', '1', 'AE', 193),
(1807, 601, 'EUR', '1590********1136', '1', 'AE', 301),
(1808, 908, 'EUR', '6398********2428', '1', 'MC', 1063),
(1809, -225, 'EUR', '4045********6653', '1', 'VISA', 1137),
(1810, -80, 'EUR', '4361********8166', '1', 'VISA', 847),
(1811, -145, 'EUR', '7292********9956', '1', 'VISA', 95),
(1812, 737, 'EUR', '9809********7470', '1', 'MC', 857),
(1813, 772, 'EUR', '7691********7327', '1', 'AE', 1353),
(1814, -410, 'EUR', '6888********6103', '1', 'VISA', 58),
(1815, 521, 'EUR', '7881********6102', '1', 'AE', 945),
(1816, 116, 'EUR', '5199********1138', '1', 'MC', 939),
(1817, -42, 'EUR', '8979********3825', '1', 'AE', 461),
(1818, 978, 'EUR', '9519********6014', '1', 'AE', 499),
(1819, 386, 'EUR', '7032********6466', '1', 'MC', 294),
(1820, 356, 'EUR', '3915********5048', '1', 'VISA', 598),
(1821, -289, 'EUR', '4002********5929', '1', 'AE', 781),
(1822, 589, 'EUR', '6611********8722', '1', 'VISA', 189),
(1823, 71, 'EUR', '2107********8332', '1', 'AE', 479),
(1824, 717, 'EUR', '8751********2790', '1', 'VISA', 579),
(1825, 789, 'EUR', '9121********5583', '1', 'MC', 1328),
(1826, 229, 'EUR', '5297********6691', '1', 'AE', 166),
(1827, 972, 'EUR', '3767********2192', '1', 'MC', 1459),
(1828, -298, 'EUR', '6951********6629', '1', 'MC', 44),
(1829, -95, 'EUR', '5778********6758', '1', 'MC', 1108),
(1830, 206, 'EUR', '7440********5840', '1', 'AE', 374),
(1831, -309, 'EUR', '8450********7577', '1', 'VISA', 1212),
(1832, 107, 'EUR', '3885********1054', '1', 'AE', 1386),
(1833, 502, 'EUR', '4085********1846', '1', 'AE', 745),
(1834, -208, 'EUR', '8736********5377', '1', 'VISA', 944),
(1835, -404, 'EUR', '5471********2831', '1', 'AE', 378),
(1836, 194, 'EUR', '7803********4679', '1', 'MC', 740),
(1837, 86, 'EUR', '5817********6954', '1', 'MC', 826),
(1838, -342, 'EUR', '5970********2297', '1', 'MC', 926),
(1839, 702, 'EUR', '9365********4785', '1', 'AE', 610),
(1840, 258, 'EUR', '7346********4662', '1', 'VISA', 176),
(1841, 616, 'EUR', '2682********7887', '1', 'AE', 956),
(1842, -22, 'EUR', '4212********4661', '1', 'MC', 39),
(1843, 335, 'EUR', '9513********2684', '1', 'VISA', 672),
(1844, 182, 'EUR', '6706********5731', '1', 'VISA', 1454),
(1845, 110, 'EUR', '3297********8647', '1', 'VISA', 781),
(1846, 767, 'EUR', '5978********1846', '1', 'VISA', 262),
(1847, 748, 'EUR', '3752********9397', '1', 'MC', 1440),
(1848, 988, 'EUR', '2619********3284', '1', 'AE', 928),
(1849, -108, 'EUR', '8235********6784', '1', 'VISA', 735),
(1850, 191, 'EUR', '2411********3526', '1', 'AE', 949),
(1851, -350, 'EUR', '2899********7588', '1', 'AE', 308),
(1852, 33, 'EUR', '3904********3673', '1', 'VISA', 177),
(1853, -350, 'EUR', '5750********6674', '1', 'VISA', 142),
(1854, 658, 'EUR', '5215********5180', '1', 'AE', 1485),
(1855, 156, 'EUR', '2217********7342', '1', 'VISA', 78),
(1856, -469, 'EUR', '2207********9224', '1', 'VISA', 64),
(1857, 784, 'EUR', '3830********5354', '1', 'VISA', 184),
(1858, -224, 'EUR', '9324********7427', '1', 'MC', 1472),
(1859, -125, 'EUR', '5321********7147', '1', 'AE', 813),
(1860, -266, 'EUR', '6767********9116', '1', 'MC', 1049),
(1861, -411, 'EUR', '2473********2964', '1', 'VISA', 699),
(1862, 65, 'EUR', '8161********6335', '1', 'MC', 493),
(1863, 688, 'EUR', '4475********9046', '1', 'AE', 1286),
(1864, -362, 'EUR', '6185********9393', '1', 'MC', 996),
(1865, -16, 'EUR', '4520********7058', '1', 'MC', 120),
(1866, 25, 'EUR', '9207********2575', '1', 'VISA', 246),
(1867, 398, 'EUR', '1118********1371', '1', 'MC', 1306),
(1868, 36, 'EUR', '7483********2589', '1', 'AE', 876),
(1869, 148, 'EUR', '4388********2675', '1', 'MC', 984),
(1870, -144, 'EUR', '8421********9327', '1', 'AE', 1093),
(1871, 318, 'EUR', '6133********5731', '1', 'AE', 361),
(1872, 184, 'EUR', '9771********2576', '1', 'VISA', 1315),
(1873, 380, 'EUR', '6520********5966', '1', 'VISA', 823),
(1874, 945, 'EUR', '6277********4383', '1', 'VISA', 622),
(1875, -341, 'EUR', '7148********6532', '1', 'VISA', 795),
(1876, 144, 'EUR', '6577********1747', '1', 'VISA', 1292),
(1877, 897, 'EUR', '9947********2585', '1', 'VISA', 542),
(1878, 29, 'EUR', '2139********7408', '1', 'VISA', 708),
(1879, 448, 'EUR', '5172********2437', '1', 'VISA', 1148),
(1880, 157, 'EUR', '7277********7788', '1', 'MC', 821),
(1881, 288, 'EUR', '7969********5389', '1', 'VISA', 100),
(1882, 226, 'EUR', '5792********3635', '1', 'VISA', 1411),
(1883, 882, 'EUR', '3608********8958', '1', 'VISA', 23),
(1884, 482, 'EUR', '5675********5207', '1', 'VISA', 583),
(1885, 228, 'EUR', '6473********7871', '1', 'MC', 1484),
(1886, -462, 'EUR', '4524********4367', '1', 'AE', 1035),
(1887, 306, 'EUR', '7587********3181', '1', 'MC', 387),
(1888, 695, 'EUR', '9004********7414', '1', 'VISA', 596),
(1889, 654, 'EUR', '1605********2992', '1', 'VISA', 409),
(1890, -449, 'EUR', '5127********2254', '1', 'AE', 1044),
(1891, 16, 'EUR', '7176********6384', '1', 'VISA', 1446),
(1892, -91, 'EUR', '1089********2475', '1', 'VISA', 1446),
(1893, -8, 'EUR', '5884********7368', '1', 'MC', 176),
(1894, 235, 'EUR', '2741********8247', '1', 'AE', 1319),
(1895, -43, 'EUR', '2974********4451', '1', 'VISA', 513),
(1896, 818, 'EUR', '5541********7148', '1', 'AE', 338),
(1897, 659, 'EUR', '7940********7780', '1', 'AE', 1038),
(1898, 844, 'EUR', '8384********5747', '1', 'MC', 296),
(1899, -446, 'EUR', '2227********9052', '1', 'VISA', 1103),
(1900, 61, 'EUR', '7173********5034', '1', 'AE', 1343),
(1901, 92, 'EUR', '7951********5194', '1', 'MC', 541),
(1902, -37, 'EUR', '1913********7043', '1', 'MC', 755),
(1903, 145, 'EUR', '7887********8724', '1', 'VISA', 168),
(1904, 136, 'EUR', '6746********5839', '1', 'VISA', 872),
(1905, 285, 'EUR', '7787********8935', '1', 'MC', 267),
(1906, 185, 'EUR', '2522********7482', '1', 'AE', 1457),
(1907, -20, 'EUR', '8678********5806', '1', 'VISA', 902),
(1908, 441, 'EUR', '2012********7604', '1', 'MC', 1424),
(1909, 146, 'EUR', '1849********8524', '1', 'AE', 169),
(1910, 358, 'EUR', '7483********4061', '1', 'MC', 1164),
(1911, -274, 'EUR', '9546********7933', '1', 'VISA', 934),
(1912, -243, 'EUR', '4480********6698', '1', 'VISA', 456),
(1913, 352, 'EUR', '3815********3901', '1', 'VISA', 1310),
(1914, -240, 'EUR', '4828********3320', '1', 'AE', 239),
(1915, 153, 'EUR', '7003********6523', '1', 'MC', 523),
(1916, -124, 'EUR', '9273********2970', '1', 'AE', 1038),
(1917, -194, 'EUR', '8164********8725', '1', 'MC', 7),
(1918, 165, 'EUR', '3671********4203', '1', 'MC', 452),
(1919, -391, 'EUR', '7972********9696', '1', 'AE', 336),
(1920, -294, 'EUR', '5205********8185', '1', 'AE', 1322),
(1921, 254, 'EUR', '2839********2714', '1', 'MC', 834),
(1922, -237, 'EUR', '3666********4845', '1', 'AE', 904),
(1923, -480, 'EUR', '6038********7711', '1', 'VISA', 1333),
(1924, 107, 'EUR', '6349********2432', '1', 'AE', 377),
(1925, 299, 'EUR', '7300********3829', '1', 'MC', 1467),
(1926, 783, 'EUR', '7353********7615', '1', 'MC', 455),
(1927, -323, 'EUR', '1733********1255', '1', 'VISA', 198),
(1928, -291, 'EUR', '4858********5426', '1', 'VISA', 611),
(1929, 486, 'EUR', '4350********3338', '1', 'MC', 1428),
(1930, -352, 'EUR', '1739********8887', '1', 'VISA', 310),
(1931, -212, 'EUR', '3146********9327', '1', 'AE', 910),
(1932, 594, 'EUR', '7505********1979', '1', 'VISA', 54),
(1933, 698, 'EUR', '9378********4462', '1', 'MC', 1037),
(1934, -327, 'EUR', '4747********9293', '1', 'VISA', 116),
(1935, -220, 'EUR', '5109********7208', '1', 'VISA', 1336),
(1936, 970, 'EUR', '7231********4607', '1', 'AE', 1116),
(1937, 926, 'EUR', '1442********2485', '1', 'MC', 276),
(1938, 81, 'EUR', '5720********3890', '1', 'MC', 1120),
(1939, 369, 'EUR', '9990********7718', '1', 'VISA', 1030),
(1940, 468, 'EUR', '9634********9951', '1', 'VISA', 987),
(1941, -284, 'EUR', '5008********9780', '1', 'AE', 1394),
(1942, -439, 'EUR', '7278********6026', '1', 'VISA', 538),
(1943, 423, 'EUR', '1517********1029', '1', 'VISA', 32),
(1944, 581, 'EUR', '8568********2898', '1', 'MC', 913),
(1945, 392, 'EUR', '5409********6030', '1', 'AE', 1334),
(1946, -446, 'EUR', '2738********7889', '1', 'VISA', 481),
(1947, -404, 'EUR', '3127********2670', '1', 'VISA', 955),
(1948, 298, 'EUR', '4046********2618', '1', 'VISA', 843),
(1949, -79, 'EUR', '3069********2494', '1', 'AE', 12),
(1950, 19, 'EUR', '3683********6805', '1', 'MC', 493),
(1951, 141, 'EUR', '9543********3599', '1', 'VISA', 1324),
(1952, 640, 'EUR', '9613********6305', '1', 'MC', 457),
(1953, 806, 'EUR', '2631********8134', '1', 'MC', 521),
(1954, 945, 'EUR', '7692********4115', '1', 'MC', 1066),
(1955, 858, 'EUR', '9869********5424', '1', 'MC', 1103),
(1956, 487, 'EUR', '8669********7130', '1', 'MC', 1207),
(1957, -169, 'EUR', '2964********6194', '1', 'MC', 676),
(1958, 663, 'EUR', '5467********4456', '1', 'VISA', 1105),
(1959, -450, 'EUR', '5953********7188', '1', 'AE', 981),
(1960, 79, 'EUR', '4305********3040', '1', 'VISA', 1389),
(1961, 276, 'EUR', '1989********4096', '1', 'AE', 1191),
(1962, -181, 'EUR', '6227********4789', '1', 'MC', 1036),
(1963, 177, 'EUR', '6122********8672', '1', 'MC', 851),
(1964, 77, 'EUR', '8415********4346', '1', 'AE', 1323),
(1965, 539, 'EUR', '3906********6614', '1', 'MC', 178),
(1966, 267, 'EUR', '7473********2222', '1', 'VISA', 178),
(1967, 327, 'EUR', '1320********1978', '1', 'AE', 152),
(1968, 729, 'EUR', '1472********5414', '1', 'VISA', 747),
(1969, -107, 'EUR', '6703********4360', '1', 'MC', 148),
(1970, 751, 'EUR', '9947********1774', '1', 'AE', 564),
(1971, 335, 'EUR', '5532********3580', '1', 'AE', 588),
(1972, 298, 'EUR', '4934********7713', '1', 'AE', 1265),
(1973, 254, 'EUR', '7170********7345', '1', 'VISA', 841),
(1974, 378, 'EUR', '4307********6293', '1', 'VISA', 440),
(1975, 781, 'EUR', '5792********3603', '1', 'VISA', 1290),
(1976, 549, 'EUR', '6967********1495', '1', 'VISA', 299),
(1977, 167, 'EUR', '8256********7376', '1', 'VISA', 1444),
(1978, -429, 'EUR', '5533********5359', '1', 'VISA', 58),
(1979, -204, 'EUR', '1663********4651', '1', 'VISA', 1464),
(1980, 568, 'EUR', '2019********6715', '1', 'VISA', 577),
(1981, 602, 'EUR', '5946********7102', '1', 'MC', 678),
(1982, 304, 'EUR', '4502********4551', '1', 'AE', 596),
(1983, 583, 'EUR', '1167********2113', '1', 'AE', 207),
(1984, 651, 'EUR', '7257********5533', '1', 'MC', 782),
(1985, 318, 'EUR', '8698********9730', '1', 'AE', 1123),
(1986, 907, 'EUR', '3381********2830', '1', 'VISA', 337),
(1987, -343, 'EUR', '1252********8048', '1', 'VISA', 781),
(1988, 359, 'EUR', '8980********1251', '1', 'MC', 355),
(1989, -258, 'EUR', '2711********4408', '1', 'MC', 205),
(1990, 282, 'EUR', '9355********6120', '1', 'VISA', 239),
(1991, -283, 'EUR', '1426********7890', '1', 'MC', 258),
(1992, -275, 'EUR', '4501********6321', '1', 'AE', 694),
(1993, 245, 'EUR', '9985********2455', '1', 'VISA', 796),
(1994, -343, 'EUR', '9177********8696', '1', 'AE', 545),
(1995, 370, 'EUR', '9364********7442', '1', 'MC', 760),
(1996, 959, 'EUR', '7751********8147', '1', 'VISA', 658),
(1997, 550, 'EUR', '9139********6927', '1', 'MC', 1330),
(1998, -1, 'EUR', '4876********5960', '1', 'AE', 1186),
(1999, -326, 'EUR', '1610********8317', '1', 'VISA', 54),
(2000, 278, 'EUR', '6840********1568', '1', 'MC', 1120),
(2001, 544, 'EUR', '3848********8004', '1', 'VISA', 879),
(2002, 470, 'EUR', '4339********9249', '1', 'AE', 1058),
(2003, -141, 'EUR', '6302********3953', '1', 'VISA', 1004),
(2004, 886, 'EUR', '2815********4914', '1', 'AE', 1090),
(2005, 149, 'EUR', '7184********1440', '1', 'MC', 1119),
(2006, 903, 'EUR', '4225********3945', '1', 'MC', 1450),
(2007, 368, 'EUR', '2837********8235', '1', 'MC', 1114),
(2008, -406, 'EUR', '5773********2157', '1', 'MC', 290),
(2009, -491, 'EUR', '3522********6056', '1', 'VISA', 1275),
(2010, -229, 'EUR', '8841********3500', '1', 'VISA', 631),
(2011, -368, 'EUR', '5484********1366', '1', 'VISA', 775),
(2012, 303, 'EUR', '5895********8661', '1', 'MC', 625),
(2013, 509, 'EUR', '9675********2689', '1', 'MC', 358),
(2014, 151, 'EUR', '4698********4629', '1', 'VISA', 707),
(2015, -66, 'EUR', '1258********3175', '1', 'MC', 292),
(2016, 912, 'EUR', '5116********4892', '1', 'VISA', 836),
(2017, 1000, 'EUR', '5175********4839', '1', 'VISA', 515),
(2018, 163, 'EUR', '6809********7702', '1', 'MC', 905),
(2019, 376, 'EUR', '6649********2991', '1', 'VISA', 505),
(2020, -133, 'EUR', '8963********8155', '1', 'VISA', 560),
(2021, 518, 'EUR', '8795********6972', '1', 'MC', 717),
(2022, -13, 'EUR', '3821********5898', '1', 'MC', 1188),
(2023, 430, 'EUR', '1440********5296', '1', 'VISA', 999),
(2024, 834, 'EUR', '2481********7231', '1', 'VISA', 51),
(2025, 737, 'EUR', '5720********8580', '1', 'VISA', 13),
(2026, 662, 'EUR', '7448********1130', '1', 'VISA', 1144),
(2027, 530, 'EUR', '7315********3938', '1', 'MC', 968),
(2028, 498, 'EUR', '8151********2402', '1', 'MC', 303),
(2029, 720, 'EUR', '8781********5364', '1', 'VISA', 979),
(2030, 244, 'EUR', '1376********6725', '1', 'AE', 539),
(2031, 364, 'EUR', '4271********5522', '1', 'AE', 350),
(2032, 907, 'EUR', '9544********3318', '1', 'VISA', 348),
(2033, -151, 'EUR', '8109********1509', '1', 'VISA', 880),
(2034, 928, 'EUR', '7544********9973', '1', 'AE', 445),
(2035, 900, 'EUR', '3313********6158', '1', 'AE', 715),
(2036, -81, 'EUR', '8861********8267', '1', 'MC', 978),
(2037, 233, 'EUR', '6236********9021', '1', 'AE', 807),
(2038, -236, 'EUR', '9438********5049', '1', 'AE', 1180),
(2039, 104, 'EUR', '2439********8938', '1', 'AE', 1062),
(2040, 112, 'EUR', '1516********4450', '1', 'MC', 311),
(2041, 133, 'EUR', '8216********7835', '1', 'VISA', 1347),
(2042, -128, 'EUR', '1706********3993', '1', 'AE', 640),
(2043, 828, 'EUR', '9142********6296', '1', 'AE', 1067),
(2044, 870, 'EUR', '1680********3790', '1', 'MC', 196),
(2045, -96, 'EUR', '1651********2870', '1', 'AE', 599),
(2046, 963, 'EUR', '6553********9902', '1', 'VISA', 340),
(2047, 242, 'EUR', '1793********2396', '1', 'MC', 712),
(2048, 450, 'EUR', '9780********7235', '1', 'MC', 1252),
(2049, 962, 'EUR', '1421********5653', '1', 'VISA', 1295),
(2050, -120, 'EUR', '8466********8842', '1', 'MC', 710),
(2051, 529, 'EUR', '4805********8346', '1', 'MC', 679),
(2052, -283, 'EUR', '5394********4952', '1', 'MC', 1065),
(2053, -235, 'EUR', '2131********2097', '1', 'AE', 1361),
(2054, 424, 'EUR', '6095********7572', '1', 'MC', 1326),
(2055, 523, 'EUR', '5481********1808', '1', 'AE', 515),
(2056, 577, 'EUR', '4848********2615', '1', 'MC', 1224),
(2057, -61, 'EUR', '7551********9293', '1', 'AE', 835),
(2058, -386, 'EUR', '9634********6685', '1', 'AE', 412),
(2059, 23, 'EUR', '7997********3573', '1', 'AE', 536),
(2060, 539, 'EUR', '6902********4682', '1', 'MC', 1365),
(2061, 556, 'EUR', '8656********1496', '1', 'AE', 1369),
(2062, 49, 'EUR', '6122********9774', '1', 'AE', 209),
(2063, 369, 'EUR', '4496********4769', '1', 'VISA', 710),
(2064, 884, 'EUR', '2697********6214', '1', 'MC', 1348),
(2065, 137, 'EUR', '3089********2062', '1', 'VISA', 1118),
(2066, 639, 'EUR', '5126********5237', '1', 'AE', 1037),
(2067, 901, 'EUR', '7429********8894', '1', 'AE', 1396),
(2068, 290, 'EUR', '3680********9513', '1', 'AE', 1073),
(2069, 450, 'EUR', '6267********9318', '1', 'MC', 519),
(2070, 914, 'EUR', '5271********9493', '1', 'AE', 432),
(2071, 698, 'EUR', '1482********3613', '1', 'MC', 807),
(2072, 445, 'EUR', '9378********9372', '1', 'AE', 1125),
(2073, 359, 'EUR', '4176********2281', '1', 'AE', 333),
(2074, -130, 'EUR', '7364********9686', '1', 'VISA', 1051),
(2075, -284, 'EUR', '9791********1178', '1', 'MC', 966),
(2076, 358, 'EUR', '9600********1493', '1', 'MC', 1339),
(2077, -284, 'EUR', '8957********7731', '1', 'AE', 283),
(2078, 717, 'EUR', '8353********4970', '1', 'MC', 834),
(2079, 79, 'EUR', '7343********4651', '1', 'VISA', 91),
(2080, -302, 'EUR', '3312********4329', '1', 'MC', 1054),
(2081, -466, 'EUR', '3539********6660', '1', 'AE', 447),
(2082, -85, 'EUR', '7941********3748', '1', 'AE', 369),
(2083, 567, 'EUR', '5048********8401', '1', 'VISA', 47),
(2084, 409, 'EUR', '5216********7275', '1', 'MC', 467),
(2085, 452, 'EUR', '1667********8160', '1', 'MC', 1219),
(2086, 21, 'EUR', '5411********1462', '1', 'MC', 1433),
(2087, -336, 'EUR', '5989********1804', '1', 'MC', 903),
(2088, 491, 'EUR', '6747********2088', '1', 'VISA', 1097),
(2089, 668, 'EUR', '3317********4917', '1', 'AE', 335),
(2090, 962, 'EUR', '7829********5877', '1', 'AE', 896),
(2091, 793, 'EUR', '1292********8687', '1', 'MC', 203),
(2092, -67, 'EUR', '6824********1337', '1', 'VISA', 1240),
(2093, 954, 'EUR', '6795********7739', '1', 'AE', 794),
(2094, 761, 'EUR', '3099********3496', '1', 'MC', 831),
(2095, -323, 'EUR', '5493********8012', '1', 'MC', 111),
(2096, -365, 'EUR', '9995********6756', '1', 'AE', 506),
(2097, -120, 'EUR', '9424********6850', '1', 'VISA', 423),
(2098, 989, 'EUR', '3627********9693', '1', 'MC', 947),
(2099, 998, 'EUR', '2491********7257', '1', 'MC', 607),
(2100, 968, 'EUR', '9224********3917', '1', 'AE', 950),
(2101, 615, 'EUR', '2639********7864', '1', 'MC', 1348),
(2102, -54, 'EUR', '1016********5258', '1', 'VISA', 261),
(2103, 387, 'EUR', '7545********8064', '1', 'AE', 725),
(2104, -347, 'EUR', '8467********1081', '1', 'AE', 867),
(2105, -428, 'EUR', '3189********9384', '1', 'VISA', 1297),
(2106, 661, 'EUR', '8021********1774', '1', 'VISA', 688),
(2107, 806, 'EUR', '2711********4939', '1', 'MC', 1442),
(2108, 753, 'EUR', '9526********9642', '1', 'MC', 973),
(2109, 391, 'EUR', '4359********4811', '1', 'AE', 562),
(2110, 174, 'EUR', '8757********6041', '1', 'MC', 369),
(2111, 241, 'EUR', '6713********3830', '1', 'AE', 863),
(2112, 768, 'EUR', '9165********1945', '1', 'VISA', 1224),
(2113, 479, 'EUR', '6630********7221', '1', 'AE', 425),
(2114, 332, 'EUR', '9595********2228', '1', 'AE', 1343),
(2115, 865, 'EUR', '1625********2055', '1', 'VISA', 323),
(2116, 799, 'EUR', '7995********8947', '1', 'VISA', 874),
(2117, 940, 'EUR', '7033********4612', '1', 'MC', 378),
(2118, 416, 'EUR', '2659********9008', '1', 'MC', 20),
(2119, 92, 'EUR', '2765********2864', '1', 'VISA', 1045),
(2120, 890, 'EUR', '7779********2568', '1', 'AE', 343),
(2121, 847, 'EUR', '8160********9935', '1', 'VISA', 672),
(2122, -264, 'EUR', '1263********1493', '1', 'VISA', 453),
(2123, 172, 'EUR', '3330********1590', '1', 'VISA', 1406),
(2124, 824, 'EUR', '3912********1217', '1', 'VISA', 916),
(2125, 63, 'EUR', '6623********8037', '1', 'AE', 428),
(2126, 512, 'EUR', '9804********1184', '1', 'VISA', 570),
(2127, -200, 'EUR', '8739********6455', '1', 'VISA', 274),
(2128, 447, 'EUR', '6771********3651', '1', 'MC', 1285),
(2129, 893, 'EUR', '7622********8943', '1', 'VISA', 1430),
(2130, 520, 'EUR', '1144********6619', '1', 'MC', 130),
(2131, -62, 'EUR', '9123********4872', '1', 'MC', 793),
(2132, -25, 'EUR', '1414********3176', '1', 'VISA', 1370),
(2133, 20, 'EUR', '6476********7586', '1', 'VISA', 629),
(2134, 530, 'EUR', '6799********2222', '1', 'AE', 796),
(2135, 866, 'EUR', '6221********1494', '1', 'MC', 147),
(2136, 224, 'EUR', '4042********5360', '1', 'MC', 678),
(2137, 268, 'EUR', '5934********5611', '1', 'VISA', 1336),
(2138, -50, 'EUR', '9634********5142', '1', 'VISA', 846),
(2139, 229, 'EUR', '5563********5297', '1', 'AE', 290),
(2140, 626, 'EUR', '2161********1487', '1', 'MC', 202),
(2141, -237, 'EUR', '8990********6675', '1', 'VISA', 1232),
(2142, 582, 'EUR', '1144********1306', '1', 'VISA', 1244),
(2143, 332, 'EUR', '9493********7764', '1', 'AE', 1102),
(2144, -284, 'EUR', '4475********7933', '1', 'AE', 992),
(2145, -183, 'EUR', '9457********5716', '1', 'VISA', 1183),
(2146, 406, 'EUR', '9599********1113', '1', 'MC', 515),
(2147, -120, 'EUR', '6326********8620', '1', 'MC', 1096),
(2148, 427, 'EUR', '7828********3316', '1', 'VISA', 541),
(2149, 281, 'EUR', '9070********3779', '1', 'MC', 427),
(2150, -392, 'EUR', '6758********2379', '1', 'MC', 800),
(2151, 117, 'EUR', '4413********2415', '1', 'MC', 670),
(2152, 121, 'EUR', '9468********7359', '1', 'MC', 1332),
(2153, -125, 'EUR', '1605********6672', '1', 'VISA', 1228),
(2154, 798, 'EUR', '3251********3137', '1', 'AE', 10),
(2155, -374, 'EUR', '5348********1488', '1', 'MC', 651),
(2156, 751, 'EUR', '1216********3898', '1', 'AE', 851),
(2157, 943, 'EUR', '5788********7754', '1', 'VISA', 938),
(2158, 453, 'EUR', '7431********2382', '1', 'MC', 1374),
(2159, -317, 'EUR', '8507********4788', '1', 'AE', 1023),
(2160, 562, 'EUR', '6230********5264', '1', 'VISA', 747),
(2161, 263, 'EUR', '7776********6593', '1', 'AE', 791),
(2162, -357, 'EUR', '7863********7736', '1', 'MC', 826),
(2163, 630, 'EUR', '4858********8378', '1', 'VISA', 1094),
(2164, 649, 'EUR', '8263********3137', '1', 'VISA', 392),
(2165, 187, 'EUR', '1016********3642', '1', 'VISA', 390),
(2166, -86, 'EUR', '1260********8624', '1', 'VISA', 325),
(2167, -218, 'EUR', '3062********9888', '1', 'VISA', 1071),
(2168, 683, 'EUR', '7554********6576', '1', 'VISA', 726),
(2169, -1, 'EUR', '1186********8764', '1', 'VISA', 1359),
(2170, 385, 'EUR', '1662********7565', '1', 'MC', 62),
(2171, -424, 'EUR', '3179********4260', '1', 'MC', 1136),
(2172, 808, 'EUR', '6924********2787', '1', 'AE', 940),
(2173, -12, 'EUR', '2277********8959', '1', 'MC', 798),
(2174, 861, 'EUR', '5015********3079', '1', 'AE', 565),
(2175, 492, 'EUR', '4845********3697', '1', 'VISA', 1046),
(2176, 241, 'EUR', '2947********7088', '1', 'AE', 369),
(2177, 805, 'EUR', '7287********6798', '1', 'AE', 1358),
(2178, -446, 'EUR', '8364********9993', '1', 'AE', 1025),
(2179, 532, 'EUR', '9234********5130', '1', 'AE', 1209),
(2180, -16, 'EUR', '9213********6817', '1', 'AE', 1099),
(2181, 126, 'EUR', '6972********4348', '1', 'AE', 447),
(2182, 201, 'EUR', '6215********1884', '1', 'AE', 1458),
(2183, 721, 'EUR', '1700********2093', '1', 'VISA', 232),
(2184, 808, 'EUR', '4493********9945', '1', 'MC', 1036),
(2185, -329, 'EUR', '7903********9567', '1', 'VISA', 672),
(2186, 478, 'EUR', '9408********9191', '1', 'VISA', 960),
(2187, 740, 'EUR', '1100********9304', '1', 'MC', 1430),
(2188, -301, 'EUR', '2593********1515', '1', 'VISA', 804),
(2189, -25, 'EUR', '8083********1071', '1', 'VISA', 1489),
(2190, 615, 'EUR', '7294********3207', '1', 'MC', 698),
(2191, 137, 'EUR', '9131********9258', '1', 'AE', 229),
(2192, 237, 'EUR', '4594********1212', '1', 'AE', 1051),
(2193, 876, 'EUR', '3539********6773', '1', 'VISA', 981),
(2194, 740, 'EUR', '2427********6968', '1', 'AE', 1071),
(2195, 781, 'EUR', '4542********3863', '1', 'AE', 722),
(2196, 354, 'EUR', '1389********7495', '1', 'AE', 652),
(2197, 463, 'EUR', '2773********3674', '1', 'VISA', 1500),
(2198, 192, 'EUR', '4861********3916', '1', 'VISA', 115),
(2199, 4, 'EUR', '5915********9328', '1', 'MC', 946),
(2200, -144, 'EUR', '6861********3223', '1', 'MC', 113),
(2201, 687, 'EUR', '3318********6394', '1', 'VISA', 964),
(2202, 430, 'EUR', '1516********3707', '1', 'VISA', 579),
(2203, 696, 'EUR', '4535********5584', '1', 'MC', 1182),
(2204, 449, 'EUR', '9511********9601', '1', 'VISA', 834),
(2205, -205, 'EUR', '9825********4120', '1', 'VISA', 1431),
(2206, -349, 'EUR', '7239********5195', '1', 'MC', 114),
(2207, 228, 'EUR', '3330********3956', '1', 'AE', 1211),
(2208, 255, 'EUR', '1752********8381', '1', 'MC', 1198),
(2209, 257, 'EUR', '5042********1472', '1', 'VISA', 237),
(2210, 955, 'EUR', '3771********1697', '1', 'AE', 614),
(2211, 352, 'EUR', '4575********8705', '1', 'VISA', 405),
(2212, -14, 'EUR', '8331********7047', '1', 'AE', 963),
(2213, -255, 'EUR', '1210********4329', '1', 'VISA', 665),
(2214, 935, 'EUR', '8045********3498', '1', 'AE', 476),
(2215, -254, 'EUR', '3784********1793', '1', 'VISA', 521),
(2216, 469, 'EUR', '3213********1371', '1', 'VISA', 1460),
(2217, 625, 'EUR', '7795********7441', '1', 'MC', 17),
(2218, 956, 'EUR', '1805********6254', '1', 'AE', 1115),
(2219, 6, 'EUR', '4547********9947', '1', 'AE', 549),
(2220, -1, 'EUR', '1344********8096', '1', 'VISA', 1119),
(2221, 670, 'EUR', '1871********9217', '1', 'VISA', 1037),
(2222, 386, 'EUR', '3623********7778', '1', 'VISA', 1187),
(2223, 257, 'EUR', '3359********2877', '1', 'AE', 1171),
(2224, -80, 'EUR', '7246********5930', '1', 'MC', 1224),
(2225, -220, 'EUR', '8641********8083', '1', 'MC', 80),
(2226, 333, 'EUR', '7034********6735', '1', 'VISA', 304),
(2227, 399, 'EUR', '8291********1714', '1', 'AE', 909),
(2228, 74, 'EUR', '9891********5725', '1', 'VISA', 1303),
(2229, -245, 'EUR', '2191********9197', '1', 'AE', 1161),
(2230, 591, 'EUR', '6939********4120', '1', 'AE', 541),
(2231, 277, 'EUR', '3716********7489', '1', 'MC', 741),
(2232, 739, 'EUR', '2622********8288', '1', 'VISA', 496),
(2233, 382, 'EUR', '3330********7495', '1', 'MC', 762),
(2234, 594, 'EUR', '5262********7118', '1', 'AE', 627),
(2235, 432, 'EUR', '8962********4918', '1', 'MC', 1470),
(2236, 641, 'EUR', '2142********3572', '1', 'VISA', 1116),
(2237, -224, 'EUR', '4679********3307', '1', 'MC', 31),
(2238, 288, 'EUR', '6984********1582', '1', 'AE', 1292),
(2239, -355, 'EUR', '9697********8831', '1', 'VISA', 1204),
(2240, 75, 'EUR', '6726********6408', '1', 'VISA', 17),
(2241, 290, 'EUR', '6774********6056', '1', 'VISA', 98),
(2242, -154, 'EUR', '4687********9962', '1', 'VISA', 75),
(2243, -277, 'EUR', '4782********2402', '1', 'AE', 1368),
(2244, -445, 'EUR', '3760********7172', '1', 'AE', 1000),
(2245, 398, 'EUR', '2830********3877', '1', 'MC', 76),
(2246, 320, 'EUR', '8890********7325', '1', 'MC', 41),
(2247, -448, 'EUR', '2813********8978', '1', 'VISA', 877),
(2248, 805, 'EUR', '3857********8436', '1', 'MC', 1392),
(2249, 282, 'EUR', '5724********9872', '1', 'VISA', 499),
(2250, 50, 'EUR', '9883********3630', '1', 'VISA', 221),
(2251, 895, 'EUR', '9609********9797', '1', 'AE', 846),
(2252, 654, 'EUR', '1374********8757', '1', 'MC', 1343),
(2253, -410, 'EUR', '6317********8058', '1', 'MC', 671),
(2254, -80, 'EUR', '2340********5533', '1', 'MC', 362),
(2255, 714, 'EUR', '7609********4065', '1', 'AE', 195),
(2256, 623, 'EUR', '7544********7684', '1', 'VISA', 1029),
(2257, 147, 'EUR', '1249********7726', '1', 'MC', 304),
(2258, -373, 'EUR', '3719********2935', '1', 'MC', 726),
(2259, 763, 'EUR', '4881********2034', '1', 'MC', 757),
(2260, 113, 'EUR', '7906********8681', '1', 'AE', 975),
(2261, -19, 'EUR', '2115********2026', '1', 'AE', 1410),
(2262, -343, 'EUR', '2290********5473', '1', 'AE', 711),
(2263, 273, 'EUR', '8587********7290', '1', 'VISA', 1294),
(2264, -315, 'EUR', '3994********8585', '1', 'MC', 269),
(2265, 402, 'EUR', '9946********6727', '1', 'MC', 680),
(2266, -464, 'EUR', '1820********7425', '1', 'MC', 872),
(2267, 531, 'EUR', '8545********9656', '1', 'MC', 245),
(2268, -370, 'EUR', '1523********2403', '1', 'MC', 114),
(2269, -477, 'EUR', '1355********8691', '1', 'MC', 1101),
(2270, 188, 'EUR', '2509********7197', '1', 'MC', 1336),
(2271, 912, 'EUR', '6073********4852', '1', 'MC', 893),
(2272, 281, 'EUR', '5441********2994', '1', 'VISA', 477),
(2273, 860, 'EUR', '3371********4949', '1', 'VISA', 784),
(2274, 918, 'EUR', '8741********4647', '1', 'VISA', 769),
(2275, 385, 'EUR', '7308********2696', '1', 'AE', 771),
(2276, -480, 'EUR', '2145********7313', '1', 'MC', 639),
(2277, 760, 'EUR', '8522********4203', '1', 'VISA', 1195),
(2278, -304, 'EUR', '4243********9506', '1', 'AE', 990),
(2279, 970, 'EUR', '2804********5800', '1', 'VISA', 85),
(2280, 72, 'EUR', '2157********9139', '1', 'VISA', 1241),
(2281, 532, 'EUR', '4208********4755', '1', 'AE', 34),
(2282, 469, 'EUR', '7704********6559', '1', 'VISA', 881),
(2283, 941, 'EUR', '7111********3496', '1', 'MC', 993),
(2284, 370, 'EUR', '1103********7723', '1', 'VISA', 693),
(2285, 106, 'EUR', '1393********5939', '1', 'MC', 538),
(2286, -168, 'EUR', '5557********7239', '1', 'AE', 534),
(2287, 784, 'EUR', '3350********7336', '1', 'VISA', 570),
(2288, -203, 'EUR', '8042********3340', '1', 'VISA', 366),
(2289, -78, 'EUR', '9045********3911', '1', 'AE', 1024),
(2290, -447, 'EUR', '7039********8020', '1', 'AE', 72),
(2291, -309, 'EUR', '3563********4115', '1', 'AE', 26),
(2292, 148, 'EUR', '9050********9409', '1', 'MC', 592),
(2293, 199, 'EUR', '7024********8195', '1', 'AE', 1130),
(2294, 655, 'EUR', '3452********2384', '1', 'AE', 271),
(2295, 793, 'EUR', '8008********8342', '1', 'VISA', 887),
(2296, 230, 'EUR', '5308********2932', '1', 'VISA', 1082),
(2297, 781, 'EUR', '7040********6131', '1', 'AE', 862),
(2298, 650, 'EUR', '5460********6527', '1', 'MC', 714),
(2299, 837, 'EUR', '6712********4777', '1', 'AE', 337),
(2300, 921, 'EUR', '3673********7320', '1', 'AE', 1101);

--
-- Index pour les tables déchargées
--

--
-- Index pour la table `admin`
--
ALTER TABLE `admin`
ADD PRIMARY KEY (`loginAdmin`);

--
-- Index pour la table `client`
--
ALTER TABLE `client`
ADD PRIMARY KEY (`numClient`);

--
-- Index pour la table `codeimpaye`
--
ALTER TABLE `codeimpaye`
ADD PRIMARY KEY (`codeImpaye`);

--
-- Index pour la table `impaye`
--
ALTER TABLE `impaye`
ADD PRIMARY KEY (`numTransaction`),
ADD KEY `codeImpaye` (`codeImpaye`);

--
-- Index pour la table `mdptemp`
--
ALTER TABLE `mdptemp`
ADD PRIMARY KEY (`numClient`),
ADD UNIQUE KEY `unique_numClient` (`numClient`);

--
-- Index pour la table `remise`
--
ALTER TABLE `remise`
ADD PRIMARY KEY (`numRemise`),
ADD KEY `REMISE_CLIENT_FK` (`numClient`);

--
-- Index pour la table `suppression`
--
ALTER TABLE `suppression`
ADD PRIMARY KEY (`numClient`,`dateDemande`),
ADD UNIQUE KEY `unique_numClient` (`numClient`);

--
-- Index pour la table `transaction`
--
ALTER TABLE `transaction`
ADD PRIMARY KEY (`numTransaction`),
ADD KEY `TRANSACTION_REMISE_FK` (`numRemise`);

--
-- AUTO_INCREMENT pour les tables déchargées
--

--
-- AUTO_INCREMENT pour la table `client`
--
ALTER TABLE `client`
MODIFY `numClient` int(11) NOT NULL AUTO_INCREMENT, AUTO_INCREMENT=6;

--
-- AUTO_INCREMENT pour la table `remise`
--
ALTER TABLE `remise`
MODIFY `numRemise` int(11) NOT NULL AUTO_INCREMENT, AUTO_INCREMENT=31;

--
-- AUTO_INCREMENT pour la table `transaction`
--
ALTER TABLE `transaction`
MODIFY `numTransaction` int(11) NOT NULL AUTO_INCREMENT, AUTO_INCREMENT=51;

--
-- Contraintes pour les tables déchargées
--

--
-- Contraintes pour la table `impaye`
--
ALTER TABLE `impaye`
ADD CONSTRAINT `impaye_ibfk_1` FOREIGN KEY (`numTransaction`) REFERENCES `transaction` (`numTransaction`) ON DELETE CASCADE ON UPDATE CASCADE,
ADD CONSTRAINT `impaye_ibfk_2` FOREIGN KEY (`codeImpaye`) REFERENCES `codeimpaye` (`codeImpaye`) ON DELETE CASCADE ON UPDATE CASCADE;

--
-- Contraintes pour la table `mdptemp`
--
ALTER TABLE `mdptemp`
ADD CONSTRAINT `mdptemp_ibfk_1` FOREIGN KEY (`numClient`) REFERENCES `client` (`numClient`) ON DELETE CASCADE ON UPDATE CASCADE;

--
-- Contraintes pour la table `remise`
--
ALTER TABLE `remise`
ADD CONSTRAINT `REMISE_CLIENT_FK` FOREIGN KEY (`numClient`) REFERENCES `client` (`numClient`) ON DELETE CASCADE ON UPDATE CASCADE;

--
-- Contraintes pour la table `suppression`
--
ALTER TABLE `suppression`
ADD CONSTRAINT `fk_suppression_client` FOREIGN KEY (`numClient`) REFERENCES `client` (`numClient`) ON DELETE CASCADE;

--
-- Contraintes pour la table `transaction`
--
ALTER TABLE `transaction`
ADD CONSTRAINT `TRANSACTION_REMISE_FK` FOREIGN KEY (`numRemise`) REFERENCES `remise` (`numRemise`) ON DELETE CASCADE ON UPDATE CASCADE;
COMMIT;

/*!40101 SET CHARACTER_SET_CLIENT=@OLD_CHARACTER_SET_CLIENT */;
/*!40101 SET CHARACTER_SET_RESULTS=@OLD_CHARACTER_SET_RESULTS */;
/*!40101 SET COLLATION_CONNECTION=@OLD_COLLATION_CONNECTION */;
